{"type": "FeatureCollection", "features": [{"type": "Feature", "geometry": {"type": "Polygon", "coordinates": [[[4.480951605440839, 45.41728180668322], [4.481665006749957, 45.41717961690177], [4.481978361619853, 45.41722951187174], [4.483155484592361, 45.417732699198616], [4.484309047101479, 45.41840640277068], [4.484602776877955, 45.41872673506857], [4.487259979951459, 45.421635630863534], [4.491700192577249, 45.42878158619293], [4.494377798635745, 45.43436850084178], [4.493917590629288, 45.43552202237065], [4.493946761561468, 45.43584585697111], [4.494053401915798, 45.4361011130077], [4.4961184098791, 45.43844221507493], [4.496783835887837, 45.43901964028364], [4.497429338688174, 45.43937937744303], [4.500289970881758, 45.44009406581039], [4.502025741772179, 45.44036803781147], [4.511054860586916, 45.4412941758356], [4.511821440251145, 45.43909262564353], [4.512649829651616, 45.43643812306923], [4.512955327286587, 45.434972288977114], [4.513576976544313, 45.433702125908184], [4.514806396214489, 45.431923003773], [4.518652704871609, 45.43182684834714], [4.521665164625779, 45.43215706761171], [4.533356233746798, 45.433627948647874], [4.536161265003846, 45.43412903490164], [4.536355889330258, 45.43432090452034], [4.536976389783909, 45.43483296543882], [4.537403101583879, 45.43499823579555], [4.53786386055959, 45.435053160856526], [4.540460651513042, 45.43440599145706], [4.540740852785347, 45.43431568150011], [4.546334530359045, 45.43338578978504], [4.546914302638039, 45.433488571103055], [4.547523988380558, 45.433608949278124], [4.550903481991694, 45.435484210243374], [4.551358179656452, 45.435779632852665], [4.551724902482269, 45.43613120964391], [4.557121109563479, 45.442033922765184], [4.560613752518567, 45.446769555429746], [4.561260753362752, 45.44857623454042], [4.561910040197118, 45.449825384885166], [4.557466165176494, 45.44964490432916], [4.546828368963619, 45.45945320658542], [4.541353823047674, 45.464633346681694], [4.539092849870651, 45.466965503576105], [4.5386573800767, 45.46755598741319], [4.538584876199669, 45.46784968766411], [4.538492864129098, 45.469241528306775], [4.540350827513048, 45.474990009121946], [4.543399357444597, 45.481228260733644], [4.543464936995695, 45.48142279706415], [4.543389334308966, 45.481650797212076], [4.54284071847609, 45.48171958345131], [4.53681479121786, 45.48159601202365], [4.530119260890213, 45.48346894747255], [4.526494516771069, 45.48616616656965], [4.52509645782744, 45.48882853040165], [4.525279478931134, 45.49204220706334], [4.531824971714504, 45.50000566483733], [4.536395586164967, 45.50559651377741], [4.536279567314608, 45.50575481226555], [4.535245528054464, 45.50601843216087], [4.533113351039637, 45.506359185625726], [4.530354860343589, 45.50679489732338], [4.52554647926763, 45.50707468003234], [4.521736544661861, 45.5077532202813], [4.519196296933798, 45.50914847640197], [4.517682349318529, 45.51051089408618], [4.516882469598993, 45.51142774016732], [4.515981673602958, 45.512918746184944], [4.514655369429629, 45.515389970859204], [4.514419566698788, 45.51576241105415], [4.514046552834553, 45.51627089517323], [4.51267945106556, 45.51772132597895], [4.510465012137836, 45.51863825499578], [4.506132299941368, 45.51963310108277], [4.502120485356738, 45.51999304415507], [4.500907773533122, 45.51901856195484], [4.499746645224565, 45.51791278695742], [4.499513337562917, 45.517717763367465], [4.499078945738169, 45.51752452294606], [4.497557264395373, 45.51715485088493], [4.495004816892675, 45.51680338785597], [4.490976540001021, 45.516354388434664], [4.490128357210676, 45.51635033513235], [4.487541583992133, 45.515431763091144], [4.482276522460076, 45.51418736407958], [4.475484345677872, 45.51389134181614], [4.472918709000101, 45.51336933597248], [4.470561204850771, 45.51219159402004], [4.470007329610346, 45.51188272663853], [4.468392262181506, 45.51092307740019], [4.467955865355345, 45.510647788354675], [4.466798090114486, 45.50963710714067], [4.465698248538107, 45.50805376282885], [4.465076787998782, 45.50678298855127], [4.464774282229581, 45.50536665326199], [4.46574174686392, 45.503879708881], [4.465766505715647, 45.50360469578522], [4.465655237030139, 45.502155245540024], [4.462380104489596, 45.502485249446316], [4.459658734591867, 45.50298087884988], [4.454508001832794, 45.50642144553084], [4.454504837417397, 45.50615400223611], [4.454533641493689, 45.50549347432991], [4.454739268761563, 45.50400478683433], [4.454986905644397, 45.50245791503026], [4.455630390997097, 45.50032951452582], [4.458316222936547, 45.49287715285637], [4.462432642902905, 45.48235659716804], [4.464366551603685, 45.480342813927386], [4.462405125255569, 45.47785926432656], [4.460306444595187, 45.476283491447155], [4.459179796080718, 45.475547931436296], [4.461258382363723, 45.474610360541305], [4.467108652984931, 45.468364790816544], [4.469087283587502, 45.46506605462857], [4.472414864126604, 45.45916931451856], [4.473477936936782, 45.45123982396171], [4.473129534983017, 45.4502609255005], [4.472452370162899, 45.44913954176576], [4.471432094997546, 45.447622782094044], [4.470551103570943, 45.44691924608594], [4.470200418693502, 45.4469634703092], [4.470177423375339, 45.446336042087076], [4.466550985067405, 45.443409684171876], [4.463796573493091, 45.438653497322974], [4.46191181504159, 45.43396967552509], [4.470180794413947, 45.4258596156832], [4.480555088435099, 45.41766260035834], [4.480951605440839, 45.41728180668322]]]}, "properties": {"nom": "Saint-Chamond", "code_insee": "42207", "population": 35068, "departement": "42", "region": "84"}}, {"type": "Feature", "geometry": {"type": "Polygon", "coordinates": [[[4.644779210485496, 45.54055966651827], [4.643305506538199, 45.54164942202815], [4.643281416895924, 45.54217756505328], [4.643419502327822, 45.54272855474878], [4.643162085040352, 45.54295208239267], [4.634270062948127, 45.5363619165685], [4.629628530146583, 45.5356763878744], [4.628753272440133, 45.53559090878899], [4.628320801887659, 45.53557105883101], [4.625754788901292, 45.536128805043276], [4.622870850484892, 45.536860409360244], [4.618921666366747, 45.53837735887898], [4.617254286150611, 45.538861610882684], [4.617249126111596, 45.53732155629081], [4.607808466909606, 45.533991330761964], [4.60113519760128, 45.53593208600083], [4.600793585141015, 45.53604052969719], [4.600723706794915, 45.53588391057293], [4.598763112537124, 45.53291084526249], [4.594848403323611, 45.521149013030914], [4.593761937756882, 45.51963242532011], [4.594240482709067, 45.519387861036435], [4.596286852785694, 45.516904514251024], [4.597292550005513, 45.51499073745914], [4.596943048056064, 45.51241623858164], [4.594047441913755, 45.50851792896948], [4.590933225830768, 45.50663110065006], [4.590109539776185, 45.50586820908022], [4.590588308141741, 45.505590332105214], [4.59480173858713, 45.502492668946005], [4.598705282115231, 45.5002134444527], [4.602881273771652, 45.498865067931355], [4.604126700406201, 45.49870767851036], [4.604539664495191, 45.49965827041726], [4.607106729743585, 45.50272790724896], [4.608540109724163, 45.50591641214589], [4.609676842114038, 45.510619554173495], [4.609523907637289, 45.513518254339985], [4.615920114007677, 45.51870785195434], [4.621131927570206, 45.51699714495828], [4.621615267700465, 45.51744770149503], [4.624030511811022, 45.5201282895036], [4.625000615059605, 45.522061484524386], [4.6262043630468, 45.522958232231105], [4.626771890228387, 45.526059095076505], [4.629351555054572, 45.5284264708558], [4.63146527189211, 45.531675103060195], [4.631803188669241, 45.533186911254745], [4.632423232942769, 45.53435597026396], [4.632789661895619, 45.53478836740312], [4.634992629257831, 45.536005547890475], [4.642079972023132, 45.53952015196194], [4.644779210485496, 45.54055966651827]]]}, "properties": {"nom": "Rive-de-Gier", "code_insee": "42186", "population": 15214, "departement": "42", "region": "84"}}, {"type": "Feature", "geometry": {"type": "Polygon", "coordinates": [[[4.490128357210676, 45.51635033513235], [4.49231650181235, 45.51983103487692], [4.493857329998187, 45.52205312097541], [4.501698012799692, 45.531226882352364], [4.502320319391342, 45.531540988388095], [4.503200170716365, 45.531806613405124], [4.503950004718635, 45.53200282230815], [4.513743871067798, 45.534061622590855], [4.526433050544334, 45.5365233922964], [4.535509525955143, 45.53853242202949], [4.535926393135866, 45.5386375027109], [4.537768619771826, 45.53888879956894], [4.538901208864997, 45.53873729467841], [4.539264812764912, 45.5386314416708], [4.545051337373464, 45.538357473698916], [4.545339070330566, 45.538657033277715], [4.545216023188917, 45.538840655746355], [4.53776989524393, 45.54702698832784], [4.52243448327892, 45.555809005322324], [4.515858396892207, 45.5573308143513], [4.506456320070408, 45.55866498928807], [4.505718893287511, 45.55875052475517], [4.504849140358103, 45.55873155205218], [4.504568970877457, 45.55870648266253], [4.502633233971177, 45.55771916380132], [4.500142884487055, 45.55603672119189], [4.500033489002971, 45.555878768873384], [4.499874322918402, 45.55553955232194], [4.499751478153026, 45.55440999357867], [4.498312942487026, 45.5485660493064], [4.49653461132533, 45.54493857718191], [4.494685221454018, 45.54261344160877], [4.491853078307985, 45.539529490066535], [4.488536655132028, 45.532044202575726], [4.488027253960381, 45.52164957610248], [4.488691100211475, 45.519745854826525], [4.48995501545582, 45.51662192313058], [4.490128357210676, 45.51635033513235]]]}, "properties": {"nom": "Valfleury", "code_insee": "42320", "population": 709, "departement": "42", "region": "84"}}, {"type": "Feature", "geometry": {"type": "MultiPolygon", "coordinates": [[[[4.393777753643404, 45.39771550799769], [4.394697053511795, 45.3993035262181], [4.395495518203358, 45.40020048537495], [4.396870959331516, 45.40019685946201], [4.39754456508899, 45.39998943024956], [4.39800594375237, 45.399730608770355], [4.401158041110686, 45.39707771711546], [4.407540209066178, 45.39620251372356], [4.414413747040241, 45.399326603355036], [4.418629924121223, 45.40213902026177], [4.416970469057147, 45.405398568065955], [4.417788609533637, 45.40589616040834], [4.418793629680835, 45.40645172182929], [4.420402508764075, 45.40672133831768], [4.424163232254743, 45.40729233100743], [4.424974009644798, 45.40739910469508], [4.425438696226473, 45.40737158172459], [4.425719262157455, 45.40734369712352], [4.42656400662468, 45.40737887975668], [4.427514723341414, 45.4075577033945], [4.428897717265543, 45.407890415864486], [4.433493542360268, 45.407866857932184], [4.436994804102119, 45.40759147117498], [4.438323008609385, 45.40694040998316], [4.443285855625041, 45.40096144299937], [4.446931170379023, 45.394496730551275], [4.450495918565304, 45.382278081305195], [4.456004828981399, 45.379525525910736], [4.461219882441961, 45.375432825243145], [4.462170802001675, 45.374517111172075], [4.462628357301922, 45.374277881379975], [4.463816866541946, 45.37336085171766], [4.46464372217177, 45.37263766532037], [4.465171145608628, 45.37233536958969], [4.465706960751277, 45.37167271958903], [4.466108137679915, 45.3714774419174], [4.466267213925518, 45.37155010994782], [4.468510865232636, 45.375905767493364], [4.469406008568657, 45.37820498557432], [4.477680459532143, 45.38114380868648], [4.487501688477546, 45.38320232546754], [4.488878449499772, 45.384074742949096], [4.488528483444526, 45.38436938994659], [4.483816705822104, 45.388455818943164], [4.482876443742561, 45.389335554901834], [4.479860072802169, 45.39159633861886], [4.479453609819015, 45.391692667521085], [4.478236755092015, 45.39169251588987], [4.477670473089425, 45.391787344053625], [4.476961071070942, 45.39202815346034], [4.476247544585321, 45.392450935884774], [4.475834979727583, 45.3932813291367], [4.475545036572335, 45.3941569380087], [4.475245560908976, 45.39689063094189], [4.475417089800293, 45.39771873581961], [4.478335672691767, 45.40599652407521], [4.480479582509964, 45.41597944833908], [4.48052184818215, 45.41651025268738], [4.480699050829346, 45.41696992758168], [4.480951605440839, 45.41728180668322], [4.480555088435099, 45.41766260035834], [4.470180794413947, 45.4258596156832], [4.46191181504159, 45.43396967552509], [4.463796573493091, 45.438653497322974], [4.466550985067405, 45.443409684171876], [4.470177423375339, 45.446336042087076], [4.470200418693502, 45.4469634703092], [4.46963771562456, 45.44731217803585], [4.469527123227456, 45.447291111581656], [4.469055667668957, 45.44644530434276], [4.468489122988432, 45.44553499544075], [4.46779324112256, 45.444958703850766], [4.465778325994075, 45.44365574565769], [4.462190590918218, 45.441455542882935], [4.45945140009876, 45.440233063936844], [4.458300956001716, 45.439878777493675], [4.456518050175005, 45.43984700885199], [4.447278554380552, 45.44155259683072], [4.434204845684734, 45.44387749701129], [4.427123802969585, 45.44678221667759], [4.42498613134372, 45.451484446806035], [4.424960670330485, 45.45353545399218], [4.42323825035265, 45.45837917388503], [4.423106703183105, 45.45863931713998], [4.422420588561833, 45.45858227385316], [4.421309413868051, 45.4593681774251], [4.414388691369193, 45.465154679353965], [4.412237168458602, 45.47089252947608], [4.412352727480709, 45.471561127092485], [4.412303727368662, 45.472402911301636], [4.412040894412949, 45.473443718876325], [4.41069925667651, 45.47283376960406], [4.408396050612673, 45.47231332924325], [4.404470053276169, 45.472764204225655], [4.388800028947341, 45.47533591855879], [4.388100104970211, 45.475501283027455], [4.388177290045526, 45.475055430352874], [4.387987182975222, 45.47431208245647], [4.384832249912051, 45.469812024468325], [4.382710413951796, 45.46828375232494], [4.377680853274296, 45.46665609052228], [4.371554264401563, 45.46469759382385], [4.370140844886795, 45.46426366262256], [4.369914112486776, 45.46409982044689], [4.369852856297944, 45.4636916968108], [4.360952201909563, 45.45446623692378], [4.358361176857676, 45.45327012979631], [4.359153410326006, 45.45249232695664], [4.35760507913182, 45.45091882541725], [4.357059409386661, 45.44890359512168], [4.358036672473938, 45.445437091028126], [4.362791287570373, 45.438563729864306], [4.366446410194758, 45.43342459684161], [4.36634581087081, 45.43224604542394], [4.365942740479113, 45.431094594437226], [4.362800522756964, 45.42709637245347], [4.362377078139208, 45.42677910635494], [4.362506522991277, 45.42668567314288], [4.36223369155925, 45.42505081214666], [4.359330980874374, 45.42099015475852], [4.358654076994029, 45.42055526938423], [4.35992435257661, 45.420571389170306], [4.361681456882505, 45.42077971286333], [4.362347247005608, 45.420759916961536], [4.364165702792358, 45.420392879234086], [4.37128413841594, 45.41870028273327], [4.37232513726897, 45.4181327800092], [4.37498236700232, 45.41523363499194], [4.377874146393093, 45.41004583825899], [4.38014990126145, 45.405196969611524], [4.391284644043778, 45.39877316296622], [4.393777753643404, 45.39771550799769]]], [[[4.294899802452532, 45.463341639049645], [4.293813414905016, 45.46367838159271], [4.292395367925082, 45.464337740591226], [4.278404598981036, 45.465793953165296], [4.258833990470833, 45.465888237536824], [4.256477808425426, 45.46577595750786], [4.255272135907781, 45.46532025155973], [4.25514196761945, 45.46522354486237], [4.254820017266158, 45.464455351798335], [4.254718899249212, 45.46377474636004], [4.255620131803881, 45.46361606956356], [4.256294002351549, 45.46313752503283], [4.256714618594518, 45.46277888817089], [4.257384719855884, 45.461851892058476], [4.257647298620132, 45.46095737843335], [4.257535783253535, 45.460384060680155], [4.257050922659648, 45.45965552454407], [4.25648164655999, 45.45909814080091], [4.255392631364601, 45.45836195320795], [4.251871349590417, 45.447700675779316], [4.250863407443809, 45.43844592652844], [4.247367362119638, 45.43075256112987], [4.247053133621984, 45.42974471547076], [4.247517253180813, 45.42842652151724], [4.24979058183518, 45.4257211091633], [4.251194344264667, 45.423539582026834], [4.251441770210167, 45.42243001992505], [4.251225809477686, 45.421641729695885], [4.254147686785434, 45.420383407727876], [4.269382215350019, 45.416020691377625], [4.281653812213586, 45.41656910855311], [4.28962689049137, 45.41498091692199], [4.297477774551602, 45.41365473522397], [4.300075897462661, 45.41348594533208], [4.300875196063775, 45.4136558878297], [4.305966613646625, 45.41506283225131], [4.306956472555385, 45.415341283086], [4.307010778004072, 45.42227601563067], [4.307586904157743, 45.429318145236365], [4.308278441733821, 45.436203134048434], [4.306890422107807, 45.44882117691276], [4.306579018578147, 45.44934444146638], [4.303756620732527, 45.45207723034266], [4.301885180813253, 45.45319227313056], [4.300512188954058, 45.45368370653969], [4.300174350950281, 45.4537371546128], [4.295960281734436, 45.45750532252017], [4.295058899209128, 45.46198622582964], [4.294899802452532, 45.463341639049645]]]]}, "properties": {"nom": "Saint-Étienne", "code_insee": "42218", "population": 172718, "departement": "42", "region": "84"}}, {"type": "Feature", "geometry": {"type": "Polygon", "coordinates": [[[4.561910040197118, 45.449825384885166], [4.563741360768667, 45.45219916799011], [4.567243957632744, 45.457653189251474], [4.571570146571031, 45.46622711056478], [4.57492996422549, 45.467805659855316], [4.578143890591789, 45.468612511156884], [4.585549029535815, 45.46723280422612], [4.586650916842594, 45.46453781048634], [4.58662887859403, 45.46336278125343], [4.586769482729009, 45.46281860496099], [4.587129068459117, 45.46147245954155], [4.589218066023832, 45.457455735629175], [4.590215411066445, 45.45644188760347], [4.599233574947165, 45.448879760247934], [4.600295432157375, 45.448207144534166], [4.600696696437648, 45.44796725106832], [4.601508206743818, 45.447710691588604], [4.602780304973638, 45.44745294937813], [4.605238291548813, 45.4470548384285], [4.613401945033869, 45.44596410581766], [4.61983120305637, 45.445254493887155], [4.623242089915849, 45.44533487509246], [4.624246874850396, 45.445567107069806], [4.627252029656895, 45.44695288167621], [4.630877049917962, 45.4469137414252], [4.631103154448251, 45.44672672048099], [4.63218725774201, 45.44547525447975], [4.632346433783558, 45.445231563102716], [4.63263846425346, 45.4451984916926], [4.634659903969946, 45.447499038538034], [4.63756664448188, 45.45052606832276], [4.633217706096035, 45.45136853918878], [4.618767454923158, 45.45564804216893], [4.619359740533355, 45.460997467982835], [4.619529593099363, 45.46181911247862], [4.617875955791201, 45.4614655979698], [4.616630433585472, 45.46158982897487], [4.615570339386609, 45.461841069791575], [4.610482376868045, 45.46367769258833], [4.602183183915328, 45.46703974641672], [4.601578160689894, 45.46749780749929], [4.600752417154325, 45.46900286551045], [4.600180188980239, 45.47140044728093], [4.600034143510818, 45.47344069740865], [4.600176972206451, 45.474043896738024], [4.600551780308681, 45.474922988727606], [4.60076181333584, 45.47621422561714], [4.600671479106509, 45.47676671141554], [4.600018071263184, 45.478793483385914], [4.599570303453646, 45.47964917852161], [4.597827410646204, 45.481680651947244], [4.596634615642209, 45.48280992846197], [4.58489123854521, 45.49061205544651], [4.580123845907909, 45.49430076464007], [4.579933106429148, 45.49547338925439], [4.579917863273201, 45.498088181619345], [4.578753187628815, 45.498069440727804], [4.575549528876927, 45.49768483842247], [4.574615245328714, 45.49761598758949], [4.573918019620203, 45.49759694390175], [4.562468844388109, 45.49450284978795], [4.561977172937533, 45.493549607095225], [4.561742218616628, 45.49325476343654], [4.561482806441272, 45.49331961579762], [4.561106217425162, 45.49290605485809], [4.557893756292146, 45.490183913342705], [4.555081391799118, 45.48797491166288], [4.552644654809535, 45.48627851552406], [4.54953886629137, 45.484459814351325], [4.546650596344486, 45.48281275694655], [4.545157574789971, 45.48207048147222], [4.544368313728492, 45.48195705665618], [4.544171519760877, 45.48201650452824], [4.543585276069424, 45.481883168767226], [4.543410854241083, 45.48178019297889], [4.543389334308966, 45.481650797212076], [4.543464936995695, 45.48142279706415], [4.543399357444597, 45.481228260733644], [4.540350827513048, 45.474990009121946], [4.538492864129098, 45.469241528306775], [4.538584876199669, 45.46784968766411], [4.5386573800767, 45.46755598741319], [4.539092849870651, 45.466965503576105], [4.541353823047674, 45.464633346681694], [4.546828368963619, 45.45945320658542], [4.557466165176494, 45.44964490432916], [4.561910040197118, 45.449825384885166]]]}, "properties": {"nom": "Saint-Paul-en-Jarez", "code_insee": "42271", "population": 4771, "departement": "42", "region": "84"}}, {"type": "Feature", "geometry": {"type": "Polygon", "coordinates": [[[4.353517600574826, 45.4803636421237], [4.353704066038032, 45.479662530063074], [4.354948102514477, 45.47896756746148], [4.359384855663401, 45.47696592309242], [4.361625497351218, 45.47609490016254], [4.365574295124627, 45.47420609688995], [4.369728645292554, 45.47142395069927], [4.370308653398268, 45.46888798775273], [4.370524234410027, 45.467405671202194], [4.370510352941539, 45.46684296662832], [4.370202582309433, 45.46572908268387], [4.369701895982315, 45.464368988297295], [4.3697758809111, 45.46420327565987], [4.369914112486776, 45.46409982044689], [4.370140844886795, 45.46426366262256], [4.371554264401563, 45.46469759382385], [4.377680853274296, 45.46665609052228], [4.382710413951796, 45.46828375232494], [4.384832249912051, 45.469812024468325], [4.387987182975222, 45.47431208245647], [4.388177290045526, 45.475055430352874], [4.388100104970211, 45.475501283027455], [4.387357267001575, 45.47722881941735], [4.385858599592356, 45.479912220357996], [4.385780153122456, 45.48025721942956], [4.385564245574097, 45.48032652971692], [4.367727122598585, 45.48386582761242], [4.365593623866514, 45.48389630815742], [4.36289387001101, 45.483859776148435], [4.36247211466012, 45.48373340904171], [4.359870268248639, 45.48257076840462], [4.356773982163509, 45.48107812414518], [4.354376493143397, 45.480410919086], [4.353517600574826, 45.4803636421237]]]}, "properties": {"nom": "Saint-Priest-en-Jarez", "code_insee": "42275", "population": 6164, "departement": "42", "region": "84"}}, {"type": "Feature", "geometry": {"type": "Polygon", "coordinates": [[[4.154562479252066, 45.41319957033216], [4.154563536271822, 45.41300413966664], [4.154265516791607, 45.41269111489265], [4.147927624451182, 45.408794672008604], [4.140833954186367, 45.40521716702426], [4.136032723056033, 45.402050976449864], [4.131715113570825, 45.3954234096488], [4.120181418225056, 45.39057279108803], [4.119215633744279, 45.39002320412806], [4.119487986169736, 45.388250917065285], [4.119854390654812, 45.38778707857415], [4.120741805012313, 45.387429696252525], [4.126392209327517, 45.386056444182096], [4.134159554748784, 45.38466599935334], [4.142356773367616, 45.384127049454854], [4.14391134823363, 45.384218354046055], [4.148835285338942, 45.38446695735202], [4.149616238103563, 45.3845967310417], [4.150675441689648, 45.384956883883845], [4.152540875838293, 45.38586347413093], [4.155053019914299, 45.38689214787312], [4.158286882980627, 45.38802137425603], [4.162403076046924, 45.38922781232247], [4.163249174350353, 45.38965669947749], [4.163621787479156, 45.389750990753036], [4.177586104814622, 45.392229322098025], [4.189411557868105, 45.38727385696365], [4.19015823109482, 45.38663103790024], [4.191765958400151, 45.385556698784725], [4.194869037103769, 45.384491615027315], [4.199127419338026, 45.38355277127501], [4.20291717684464, 45.383110500060795], [4.218922091260552, 45.38568062631051], [4.226345511862156, 45.38989259654059], [4.226570305574449, 45.39017561401123], [4.227054783996619, 45.39087454871853], [4.22701325517169, 45.391541418809695], [4.226705279895944, 45.39218148747437], [4.225327395661517, 45.39363025591825], [4.223427168267227, 45.395451239033804], [4.221286944295852, 45.397525160727184], [4.220539848358779, 45.398663503885004], [4.220343356248403, 45.39908800682866], [4.220092931138745, 45.40014258893362], [4.220150975940258, 45.40057422650358], [4.220245190198877, 45.40090640853036], [4.220476342032924, 45.401129032026276], [4.221045816618145, 45.401447932072735], [4.220344727181429, 45.401947274546465], [4.220676928225835, 45.408754609045054], [4.226439176713099, 45.41420136241833], [4.22501342665347, 45.4222671000557], [4.224933749100744, 45.423468424299614], [4.224934291416978, 45.42395742547073], [4.217626982735287, 45.434418731802374], [4.216941437549266, 45.43775196271415], [4.213039250463654, 45.44053555840106], [4.207919499022399, 45.44141032828241], [4.206261680381581, 45.4411210776579], [4.202112413362006, 45.440028213918744], [4.199957622025446, 45.43911380218172], [4.198894928542799, 45.43859563595498], [4.197878792799544, 45.439227881978326], [4.197705940794238, 45.43910184807085], [4.179147268356536, 45.43314047635374], [4.167834132947717, 45.424142527188664], [4.1604099426054, 45.41934490780359], [4.154909467366441, 45.41408484107466], [4.154562479252066, 45.41319957033216]]]}, "properties": {"nom": "Saint-Maurice-en-Gourgois", "code_insee": "42262", "population": 1822, "departement": "42", "region": "84"}}, {"type": "Feature", "geometry": {"type": "Polygon", "coordinates": [[[4.561482806441272, 45.49331961579762], [4.561398124938132, 45.4938602783974], [4.5610912154892, 45.494331079463954], [4.55864549609689, 45.49547915716482], [4.55759237571481, 45.49573694702435], [4.542298856262127, 45.50342429783225], [4.540670457194542, 45.504744475022974], [4.540391998701966, 45.50491041057467], [4.5396629244525, 45.505131159900955], [4.539084239506402, 45.50509406170951], [4.539072249622787, 45.505031181354475], [4.5383056216855, 45.505052494788096], [4.536279567314608, 45.50575481226555], [4.536395586164967, 45.50559651377741], [4.531824971714504, 45.50000566483733], [4.525279478931134, 45.49204220706334], [4.52509645782744, 45.48882853040165], [4.526494516771069, 45.48616616656965], [4.530119260890213, 45.48346894747255], [4.53681479121786, 45.48159601202365], [4.54284071847609, 45.48171958345131], [4.543389334308966, 45.481650797212076], [4.543410854241083, 45.48178019297889], [4.543585276069424, 45.481883168767226], [4.544171519760877, 45.48201650452824], [4.544368313728492, 45.48195705665618], [4.545157574789971, 45.48207048147222], [4.546650596344486, 45.48281275694655], [4.54953886629137, 45.484459814351325], [4.552644654809535, 45.48627851552406], [4.555081391799118, 45.48797491166288], [4.557893756292146, 45.490183913342705], [4.561106217425162, 45.49290605485809], [4.561482806441272, 45.49331961579762]]]}, "properties": {"nom": "L'Horme", "code_insee": "42110", "population": 4845, "departement": "42", "region": "84"}}, {"type": "Feature", "geometry": {"type": "Polygon", "coordinates": [[[4.602735624662039, 45.57052967178395], [4.601969605933812, 45.570558604047164], [4.589075061538322, 45.57072451024513], [4.587786036606324, 45.5705815070972], [4.58718655268288, 45.570649416346264], [4.586770280913196, 45.57080119939965], [4.584852032755709, 45.57071747951679], [4.570772857282783, 45.56147805741141], [4.56903531812861, 45.56133390523875], [4.567837081340431, 45.55758950770253], [4.567714221956854, 45.55274392025669], [4.567744401516783, 45.55204279331325], [4.568607926183748, 45.55066535702546], [4.569232870126491, 45.54987306584605], [4.578559770730879, 45.54356485752177], [4.59058382279558, 45.53672774031406], [4.594339753255089, 45.53608997557508], [4.599991115947448, 45.53612221256191], [4.600505022083047, 45.53612209754869], [4.600793585141015, 45.53604052969719], [4.60113519760128, 45.53593208600083], [4.607808466909606, 45.533991330761964], [4.617249126111596, 45.53732155629081], [4.617254286150611, 45.538861610882684], [4.616905452369583, 45.5410966666829], [4.611574968784398, 45.54714372490816], [4.601461779747821, 45.55550591928829], [4.598990393221774, 45.56614636130149], [4.599903742129824, 45.56731502947685], [4.602123613560832, 45.56989712610429], [4.602735624662039, 45.57052967178395]]]}, "properties": {"nom": "Saint-Martin-la-Plaine", "code_insee": "42259", "population": 3784, "departement": "42", "region": "84"}}, {"type": "Feature", "geometry": {"type": "Polygon", "coordinates": [[[4.574615245328714, 45.49761598758949], [4.574420148521502, 45.49823296420338], [4.573732396012248, 45.501349835103134], [4.573491505098232, 45.50365075953892], [4.569547424632862, 45.51120023690313], [4.565559376133908, 45.51450363551975], [4.564981646360841, 45.51509530642483], [4.564092049423702, 45.51457631919482], [4.563583667264258, 45.51440146835576], [4.558371995536336, 45.5126555109988], [4.555328508314669, 45.512114088463996], [4.554623645657759, 45.512057201271354], [4.55124006041796, 45.511811284221466], [4.548652763182906, 45.51076622555853], [4.545031406988873, 45.50887703102939], [4.54193498165784, 45.507201172965694], [4.539105259306927, 45.50520545277379], [4.539084239506402, 45.50509406170951], [4.5396629244525, 45.505131159900955], [4.540391998701966, 45.50491041057467], [4.540670457194542, 45.504744475022974], [4.542298856262127, 45.50342429783225], [4.55759237571481, 45.49573694702435], [4.55864549609689, 45.49547915716482], [4.5610912154892, 45.494331079463954], [4.561398124938132, 45.4938602783974], [4.561482806441272, 45.49331961579762], [4.561742218616628, 45.49325476343654], [4.561977172937533, 45.493549607095225], [4.562468844388109, 45.49450284978795], [4.573918019620203, 45.49759694390175], [4.574615245328714, 45.49761598758949]]]}, "properties": {"nom": "La Grand-Croix", "code_insee": "42103", "population": 5026, "departement": "42", "region": "84"}}, {"type": "Feature", "geometry": {"type": "Polygon", "coordinates": [[[4.353517600574826, 45.4803636421237], [4.354376493143397, 45.480410919086], [4.356773982163509, 45.48107812414518], [4.359870268248639, 45.48257076840462], [4.36247211466012, 45.48373340904171], [4.36289387001101, 45.483859776148435], [4.365593623866514, 45.48389630815742], [4.367727122598585, 45.48386582761242], [4.385564245574097, 45.48032652971692], [4.385780153122456, 45.48025721942956], [4.385977226058919, 45.48045922291102], [4.385852137785709, 45.483911880262085], [4.389265532304615, 45.49333414085672], [4.390573267032918, 45.49390964757325], [4.39201363706909, 45.495126527780585], [4.39373780710225, 45.49754578022255], [4.395607059729326, 45.50027931876458], [4.397168513326954, 45.50268343495183], [4.398367668042885, 45.506817611083974], [4.399442605812412, 45.50744004934834], [4.399311848653074, 45.50763891231424], [4.394546514423848, 45.50878883205717], [4.391577141936419, 45.509287681246306], [4.389525589403089, 45.50950941866974], [4.384298240104342, 45.51002158219374], [4.381216570975883, 45.50946242728673], [4.377047052215421, 45.50842030098731], [4.366833955645343, 45.50542269204468], [4.364012884262759, 45.50403584739875], [4.360458995633161, 45.501535666868456], [4.359761806770492, 45.50114964941573], [4.359272105563893, 45.50128706670875], [4.358996794178388, 45.50128859820693], [4.357724917387948, 45.50054928279046], [4.349968118828987, 45.49576607599309], [4.345835659296239, 45.49306796981327], [4.344916756382068, 45.48975758214622], [4.345513914614109, 45.488456268953655], [4.34859714646298, 45.48197279907383], [4.348675532078091, 45.48156298656144], [4.350417781696748, 45.4813988428682], [4.351934723372087, 45.480709636508706], [4.353517600574826, 45.4803636421237]]]}, "properties": {"nom": "L'Étrat", "code_insee": "42092", "population": 2778, "departement": "42", "region": "84"}}, {"type": "Feature", "geometry": {"type": "Polygon", "coordinates": [[[4.658329373936702, 45.56384818617531], [4.65883969516228, 45.56333357693965], [4.665601238371148, 45.56027306501709], [4.666083948745177, 45.560080371432626], [4.679174772457383, 45.555594722527914], [4.680065880890696, 45.55530129360492], [4.681391094417561, 45.5550761195453], [4.682480624046804, 45.55494272489385], [4.68412878377734, 45.554882910930665], [4.685437542278581, 45.55504522699616], [4.686357441008623, 45.55624824342471], [4.686359200812054, 45.55706513251054], [4.686108171884609, 45.55762191570195], [4.686417183165569, 45.557875773952915], [4.687476507937585, 45.55826517854621], [4.6873571372542, 45.55868218387699], [4.683385121144721, 45.565651754122165], [4.682990429993913, 45.56595578924581], [4.68032400956981, 45.567884404278274], [4.679488006747166, 45.568183314071355], [4.672931483220914, 45.570013086951136], [4.667701953459043, 45.569416187748644], [4.661105320900778, 45.56607148782581], [4.658839311244168, 45.56434954139266], [4.658329373936702, 45.56384818617531]]]}, "properties": {"nom": "Dargoire", "code_insee": "42083", "population": 526, "departement": "42", "region": "84"}}, {"type": "Feature", "geometry": {"type": "Polygon", "coordinates": [[[4.535926393135866, 45.5386375027109], [4.535509525955143, 45.53853242202949], [4.526433050544334, 45.5365233922964], [4.513743871067798, 45.534061622590855], [4.503950004718635, 45.53200282230815], [4.503200170716365, 45.531806613405124], [4.502320319391342, 45.531540988388095], [4.501698012799692, 45.531226882352364], [4.493857329998187, 45.52205312097541], [4.49231650181235, 45.51983103487692], [4.490128357210676, 45.51635033513235], [4.490976540001021, 45.516354388434664], [4.495004816892675, 45.51680338785597], [4.497557264395373, 45.51715485088493], [4.499078945738169, 45.51752452294606], [4.499513337562917, 45.517717763367465], [4.499746645224565, 45.51791278695742], [4.500907773533122, 45.51901856195484], [4.502120485356738, 45.51999304415507], [4.506132299941368, 45.51963310108277], [4.510465012137836, 45.51863825499578], [4.51267945106556, 45.51772132597895], [4.514046552834553, 45.51627089517323], [4.514419566698788, 45.51576241105415], [4.514655369429629, 45.515389970859204], [4.515981673602958, 45.512918746184944], [4.516882469598993, 45.51142774016732], [4.517682349318529, 45.51051089408618], [4.519196296933798, 45.50914847640197], [4.521736544661861, 45.5077532202813], [4.52554647926763, 45.50707468003234], [4.530354860343589, 45.50679489732338], [4.533113351039637, 45.506359185625726], [4.535245528054464, 45.50601843216087], [4.536279567314608, 45.50575481226555], [4.5383056216855, 45.505052494788096], [4.539072249622787, 45.505031181354475], [4.539084239506402, 45.50509406170951], [4.539105259306927, 45.50520545277379], [4.54193498165784, 45.507201172965694], [4.545031406988873, 45.50887703102939], [4.548652763182906, 45.51076622555853], [4.55124006041796, 45.511811284221466], [4.554623645657759, 45.512057201271354], [4.555328508314669, 45.512114088463996], [4.558371995536336, 45.5126555109988], [4.563583667264258, 45.51440146835576], [4.564092049423702, 45.51457631919482], [4.564981646360841, 45.51509530642483], [4.56543521416632, 45.515233988729946], [4.569607584581136, 45.518718894722525], [4.571245786272489, 45.51893105641761], [4.571278370299155, 45.51926744270498], [4.570917076346391, 45.52062526938759], [4.570617693791228, 45.52118335470709], [4.570180248572916, 45.52139031559454], [4.568436577526422, 45.52157409367465], [4.566745162977721, 45.52111315318411], [4.566438443771299, 45.520958917635475], [4.56628271816894, 45.52048014420328], [4.566050787497089, 45.52025191229779], [4.564396833498058, 45.519481493435514], [4.563326408232966, 45.519185675830464], [4.56204651270086, 45.51936740192986], [4.55567601815833, 45.52049156511401], [4.554308375919613, 45.52335203221251], [4.554755742480506, 45.52692680266897], [4.55301147449372, 45.528012792166635], [4.545968317942249, 45.5316188533976], [4.544999061930988, 45.531601566424364], [4.543318350890506, 45.53185163151816], [4.542143232731317, 45.53231178644196], [4.540459374736458, 45.533095932266264], [4.538947411477529, 45.534119069622804], [4.537609643406531, 45.53564956515336], [4.536703684575449, 45.536902144640834], [4.535947395551804, 45.53805359978333], [4.535926393135866, 45.5386375027109]]]}, "properties": {"nom": "Cellieu", "code_insee": "42032", "population": 1706, "departement": "42", "region": "84"}}, {"type": "Feature", "geometry": {"type": "Polygon", "coordinates": [[[4.3211403615779, 45.560790739731374], [4.319811230078104, 45.560644246870055], [4.314377783031794, 45.55988206860237], [4.309456029653656, 45.559011901644496], [4.308267045032614, 45.553063797232284], [4.309127996074166, 45.5491875109867], [4.311060849277664, 45.543489419409504], [4.311294494446606, 45.54220424433316], [4.311828943304726, 45.53916930204696], [4.313992762104219, 45.528045078237284], [4.313947109069641, 45.5270909817704], [4.313263026383912, 45.52590479321061], [4.316552179727666, 45.52515662125753], [4.319234901372691, 45.52466404049811], [4.324799751074746, 45.52430945275922], [4.3266916405127, 45.52332528557571], [4.332920980682871, 45.51986528713679], [4.338146086567688, 45.516760033373714], [4.342039517547184, 45.51428376024153], [4.342613194776758, 45.51432823738688], [4.342915451468306, 45.51443179469601], [4.343506038955746, 45.51469851305197], [4.34482705134499, 45.51534554296241], [4.345065204812537, 45.51549939518255], [4.345331550093879, 45.51628783186998], [4.34665452339154, 45.5175940567818], [4.34781191031671, 45.528064066778654], [4.345243135611403, 45.53425857368679], [4.343175662221332, 45.540749630073066], [4.345906072743061, 45.549386158720544], [4.357073905883087, 45.560526532776706], [4.359286240875976, 45.56233703773381], [4.359572216171238, 45.56244435367244], [4.359986698881379, 45.56245915274844], [4.359687494618668, 45.56280590397811], [4.358845900077909, 45.563412283405505], [4.357503290454688, 45.563769836486514], [4.355659674939127, 45.56408838658716], [4.355274259425662, 45.5643190865635], [4.35493782191816, 45.564088084241774], [4.350905728819597, 45.56267673394738], [4.342042142493846, 45.560276532614594], [4.331474638703948, 45.55799760900534], [4.3306132541108, 45.55784209970546], [4.328280697647987, 45.55760221252463], [4.326982005618088, 45.557707613566784], [4.326211295832119, 45.557804969411855], [4.325993438927637, 45.557915611943486], [4.324069304724465, 45.55894156482334], [4.323200128136492, 45.55942641709821], [4.32254860017086, 45.55984565966375], [4.32161371460196, 45.560587042892635], [4.3211403615779, 45.560790739731374]]]}, "properties": {"nom": "Saint-Bonnet-les-Oules", "code_insee": "42206", "population": 1768, "departement": "42", "region": "84"}}, {"type": "Feature", "geometry": {"type": "Polygon", "coordinates": [[[4.40384852884865, 45.558084159386205], [4.403608764965004, 45.5581844204693], [4.394222313285552, 45.558815503089356], [4.381635826100116, 45.55620965946213], [4.374948536013378, 45.55484259012085], [4.374164398825296, 45.55491072040079], [4.364882821377061, 45.55770853766718], [4.363424688615808, 45.558626843589124], [4.362062173370611, 45.55994294051878], [4.360681295727581, 45.561297068151895], [4.359986698881379, 45.56245915274844], [4.359572216171238, 45.56244435367244], [4.359286240875976, 45.56233703773381], [4.357073905883087, 45.560526532776706], [4.345906072743061, 45.549386158720544], [4.343175662221332, 45.540749630073066], [4.345243135611403, 45.53425857368679], [4.34781191031671, 45.528064066778654], [4.34665452339154, 45.5175940567818], [4.345331550093879, 45.51628783186998], [4.345065204812537, 45.51549939518255], [4.344890325229226, 45.5149962533093], [4.344895544478316, 45.51399562501635], [4.349060602118213, 45.50548093352985], [4.353906197364871, 45.5033431261603], [4.359005489775618, 45.50132992057837], [4.359272105563893, 45.50128706670875], [4.359761806770492, 45.50114964941573], [4.360458995633161, 45.501535666868456], [4.364012884262759, 45.50403584739875], [4.366833955645343, 45.50542269204468], [4.377047052215421, 45.50842030098731], [4.381216570975883, 45.50946242728673], [4.384298240104342, 45.51002158219374], [4.389525589403089, 45.50950941866974], [4.391577141936419, 45.509287681246306], [4.394546514423848, 45.50878883205717], [4.399311848653074, 45.50763891231424], [4.399442605812412, 45.50744004934834], [4.401717210913695, 45.507635929927474], [4.402552439715328, 45.50753904200061], [4.408222065615035, 45.50422948514849], [4.411815028502713, 45.501676162935624], [4.412276244454144, 45.50132993143982], [4.413240113329932, 45.50261828609625], [4.415194855268404, 45.50524416624688], [4.417789282808529, 45.50968928469646], [4.418131799900314, 45.51036132025731], [4.424836557604253, 45.523003945782214], [4.425022322884071, 45.523352829438885], [4.424475899604851, 45.52457649322618], [4.419957896009805, 45.530673228795216], [4.416886056721962, 45.53457385596531], [4.416693226450643, 45.54609427153564], [4.416721841987144, 45.546210990971005], [4.416779263622411, 45.54650206692204], [4.416676446876109, 45.54659162371812], [4.415528769979635, 45.546772701410404], [4.414762240213787, 45.54667067854618], [4.414351599645759, 45.54619942178638], [4.413900184797257, 45.54593852034814], [4.412783669147272, 45.54598408550412], [4.41218401117553, 45.54609249245166], [4.409756639355084, 45.546808341253346], [4.407256859497674, 45.548360814751405], [4.405220623593358, 45.55000109954726], [4.404292681734763, 45.55122042421098], [4.404127998991966, 45.55291834029814], [4.403793806339764, 45.55789751484349], [4.40384852884865, 45.558084159386205]]]}, "properties": {"nom": "Saint-Héand", "code_insee": "42234", "population": 3686, "departement": "42", "region": "84"}}, {"type": "Feature", "geometry": {"type": "Polygon", "coordinates": [[[4.574615245328714, 45.49761598758949], [4.575549528876927, 45.49768483842247], [4.578753187628815, 45.498069440727804], [4.579917863273201, 45.498088181619345], [4.579714686469598, 45.49909436151551], [4.579059073080293, 45.50089947484663], [4.578973603494231, 45.501677034773365], [4.580507646023728, 45.50319555763397], [4.581741301495652, 45.504103150415325], [4.582186092630219, 45.5042950260907], [4.587722905381179, 45.506482001050955], [4.588746989920291, 45.50646031028416], [4.589552183696084, 45.506175116682485], [4.590109539776185, 45.50586820908022], [4.590933225830768, 45.50663110065006], [4.594047441913755, 45.50851792896948], [4.596943048056064, 45.51241623858164], [4.597292550005513, 45.51499073745914], [4.596286852785694, 45.516904514251024], [4.594240482709067, 45.519387861036435], [4.593761937756882, 45.51963242532011], [4.59336674213761, 45.519210222794825], [4.592222549922623, 45.51813485956327], [4.59147243356832, 45.51757627976771], [4.575152546030217, 45.51786490316085], [4.574466230231545, 45.51787812957163], [4.57213068723813, 45.51814861908001], [4.571421897339369, 45.51858994896046], [4.571245786272489, 45.51893105641761], [4.569607584581136, 45.518718894722525], [4.56543521416632, 45.515233988729946], [4.564981646360841, 45.51509530642483], [4.565559376133908, 45.51450363551975], [4.569547424632862, 45.51120023690313], [4.573491505098232, 45.50365075953892], [4.573732396012248, 45.501349835103134], [4.574420148521502, 45.49823296420338], [4.574615245328714, 45.49761598758949]]]}, "properties": {"nom": "Lorette", "code_insee": "42123", "population": 4817, "departement": "42", "region": "84"}}, {"type": "Feature", "geometry": {"type": "Polygon", "coordinates": [[[4.272144941266152, 45.39207380413703], [4.272485331504351, 45.39237072963843], [4.285809783926153, 45.39965286029943], [4.290441271481705, 45.40555242567058], [4.293832359972135, 45.409204793166694], [4.294325351143994, 45.409511601694305], [4.294701504235616, 45.409632437811325], [4.294855104329452, 45.41007915062515], [4.296571318947254, 45.411411078587214], [4.298665064831924, 45.41269898310075], [4.300075897462661, 45.41348594533208], [4.297477774551602, 45.41365473522397], [4.28962689049137, 45.41498091692199], [4.281653812213586, 45.41656910855311], [4.269382215350019, 45.416020691377625], [4.254147686785434, 45.420383407727876], [4.251225809477686, 45.421641729695885], [4.250351302574558, 45.42062753780672], [4.247527930041649, 45.41465309608286], [4.246283001472114, 45.40965438288757], [4.246930352150215, 45.40950129178707], [4.247735569879318, 45.409147414350755], [4.247947528535171, 45.40896404071965], [4.248112561688093, 45.408512820044166], [4.247872049335133, 45.40816427647978], [4.248250977432558, 45.408015066030565], [4.254749635394418, 45.401666448757], [4.257180538332774, 45.398983432797195], [4.257546186175936, 45.39847681369918], [4.25786615435286, 45.397589765910176], [4.257229151451458, 45.397401490544006], [4.256558136452359, 45.397235206587766], [4.246970131560313, 45.3905763525265], [4.2463586835278, 45.38986900732122], [4.247428356938876, 45.389180780507075], [4.247677212177139, 45.38922123698982], [4.248367533565466, 45.38985475060759], [4.249155325845882, 45.39078706189664], [4.267271896448104, 45.39249104744678], [4.270003069251366, 45.391639709330164], [4.270501689875724, 45.39153409399474], [4.270965535329545, 45.39152883403349], [4.271657340037173, 45.39171100561188], [4.272144941266152, 45.39207380413703]]]}, "properties": {"nom": "Unieux", "code_insee": "42316", "population": 8479, "departement": "42", "region": "84"}}, {"type": "Feature", "geometry": {"type": "Polygon", "coordinates": [[[4.421907864923759, 45.56576727492536], [4.421876085149333, 45.56582801847875], [4.419118264406795, 45.56578541642147], [4.419079201500131, 45.56556165531211], [4.420770223723161, 45.56210082724898], [4.421544207951352, 45.5608842107003], [4.426941889930458, 45.55545622080304], [4.427002397926285, 45.55093163866789], [4.42282812703413, 45.543813843990726], [4.416894635555703, 45.546000769693485], [4.416721841987144, 45.546210990971005], [4.416693226450643, 45.54609427153564], [4.416886056721962, 45.53457385596531], [4.419957896009805, 45.530673228795216], [4.424475899604851, 45.52457649322618], [4.425022322884071, 45.523352829438885], [4.425500785166017, 45.52282620183497], [4.426831126237533, 45.52164751454186], [4.427340666389012, 45.52128439620774], [4.427766337746363, 45.52114749582873], [4.429177551812269, 45.52122231102438], [4.430247453225148, 45.52137620660782], [4.435685004497036, 45.52252446842632], [4.436178526207398, 45.52268297219283], [4.435345245091563, 45.52350598177564], [4.434768429687289, 45.524338317875696], [4.434958353363545, 45.525390515973115], [4.435654555550246, 45.52689465931309], [4.439769028878286, 45.53391546724221], [4.440040887072724, 45.53416956025314], [4.443239881597701, 45.53620624216975], [4.444676306080044, 45.542352538451745], [4.445384727905114, 45.54898101857569], [4.443544973875396, 45.55251439568961], [4.443582941868926, 45.55372704762112], [4.443382901388662, 45.55431592288645], [4.442827345583758, 45.55479048032447], [4.439850499447402, 45.55596974814608], [4.431319461221958, 45.55867251056343], [4.424248430648756, 45.562493607922484], [4.42266327224163, 45.564275295729274], [4.421907864923759, 45.56576727492536]]]}, "properties": {"nom": "Fontanès", "code_insee": "42096", "population": 680, "departement": "42", "region": "84"}}, {"type": "Feature", "geometry": {"type": "Polygon", "coordinates": [[[4.666447244148102, 45.54315493749453], [4.667030330809713, 45.543449814326756], [4.678732348095934, 45.550888993409906], [4.684921035125993, 45.55445942543805], [4.685184078728114, 45.55467794871448], [4.685437542278581, 45.55504522699616], [4.68412878377734, 45.554882910930665], [4.682480624046804, 45.55494272489385], [4.681391094417561, 45.5550761195453], [4.680065880890696, 45.55530129360492], [4.679174772457383, 45.555594722527914], [4.666083948745177, 45.560080371432626], [4.665601238371148, 45.56027306501709], [4.65883969516228, 45.56333357693965], [4.658329373936702, 45.56384818617531], [4.657932498804069, 45.563911684078406], [4.657449667674181, 45.563844949970246], [4.655017388284681, 45.56316115415809], [4.652865171946149, 45.56352607301787], [4.650338771610334, 45.5645458286241], [4.649101321099321, 45.565103492748904], [4.649360580108343, 45.56325781759914], [4.648943467068836, 45.5598377887437], [4.648866929825445, 45.55924717154773], [4.654628181123777, 45.549815338708946], [4.659203507886378, 45.543607999864726], [4.659364962734074, 45.54339215653788], [4.660247563424066, 45.54393122939412], [4.660947639544341, 45.54393889594591], [4.661583769350137, 45.54335216012338], [4.664340647748528, 45.542705203837485], [4.664861657419067, 45.54276863784773], [4.665189231226532, 45.54296373260397], [4.666447244148102, 45.54315493749453]]]}, "properties": {"nom": "Tartaras", "code_insee": "42307", "population": 920, "departement": "42", "region": "84"}}, {"type": "Feature", "geometry": {"type": "Polygon", "coordinates": [[[4.313263026383912, 45.52590479321061], [4.313947109069641, 45.5270909817704], [4.313992762104219, 45.528045078237284], [4.311828943304726, 45.53916930204696], [4.311294494446606, 45.54220424433316], [4.310487496107172, 45.54233073694063], [4.304784820150057, 45.54388038358441], [4.299605449137667, 45.545130993161884], [4.294737069621813, 45.546206665913424], [4.292509139556266, 45.54652320610235], [4.290203538669332, 45.54664246334095], [4.284895648474959, 45.546796043127074], [4.283680730656632, 45.546581178439205], [4.278868144723702, 45.548427327535755], [4.273711213705643, 45.55209366037481], [4.273162743836769, 45.55293832450056], [4.272643810787677, 45.55272445832252], [4.272272416737003, 45.55273947056275], [4.26985124446421, 45.553086563736386], [4.267694201285781, 45.553662076690166], [4.266251658241744, 45.553811626529026], [4.264486112282583, 45.553850417756436], [4.259277263313045, 45.553091170843416], [4.257351317862899, 45.55255617230823], [4.255911140534272, 45.551960777769786], [4.25355052955889, 45.550622746056646], [4.252433397354584, 45.54974092016036], [4.250660634998729, 45.548771820882514], [4.249921935166012, 45.54846933787573], [4.24825422082231, 45.54806369989083], [4.245612321020221, 45.542287850593176], [4.245545605542596, 45.53634744128796], [4.249095883806927, 45.52624130645752], [4.248920084146292, 45.52531836292303], [4.248555334915586, 45.52243154871146], [4.248540422443662, 45.520401802637735], [4.248747918950187, 45.5190333132016], [4.249260492140187, 45.51778751193712], [4.250480195308191, 45.518021598410755], [4.254265863037597, 45.518028917142665], [4.257125132796187, 45.51853639867701], [4.263466833313515, 45.52001874489153], [4.270630457624847, 45.52246857788119], [4.278708737508724, 45.520213690485924], [4.280411421629045, 45.51971788181171], [4.280697976983489, 45.52158783727817], [4.2992250739104, 45.520678899354074], [4.310554934052266, 45.519576429868465], [4.313263026383912, 45.52590479321061]]]}, "properties": {"nom": "Andrézieux-Bouthéon", "code_insee": "42005", "population": 10187, "departement": "42", "region": "84"}}, {"type": "Feature", "geometry": {"type": "Polygon", "coordinates": [[[4.294701504235616, 45.409632437811325], [4.294325351143994, 45.409511601694305], [4.293832359972135, 45.409204793166694], [4.290441271481705, 45.40555242567058], [4.285809783926153, 45.39965286029943], [4.272485331504351, 45.39237072963843], [4.272144941266152, 45.39207380413703], [4.272740779076425, 45.39197157798662], [4.274051260341413, 45.39137401754091], [4.274274065823851, 45.39088967927365], [4.275362551300376, 45.387523574465945], [4.274732513854428, 45.380273960204825], [4.271876323112457, 45.376578972346124], [4.271585464685021, 45.37620853876438], [4.271087551344, 45.374604876257024], [4.271040502576445, 45.37344007682444], [4.27097723013647, 45.372068331432594], [4.270723179888249, 45.368720207321125], [4.27038646683934, 45.3665626692611], [4.269890294593361, 45.36475005458427], [4.269752919443475, 45.36343228444066], [4.269765511778846, 45.3630322909223], [4.270093233984695, 45.36222256960814], [4.271053636443296, 45.3599737711957], [4.271260115458617, 45.35989758135576], [4.27166347402506, 45.35971649144979], [4.284995133998707, 45.357693844178684], [4.30280585320837, 45.36076433996193], [4.306418346031887, 45.36163003508937], [4.308001522442645, 45.36235362783808], [4.30921910604484, 45.3635002389518], [4.308212194815718, 45.371045293886006], [4.308055431734243, 45.371442476167395], [4.307976827168585, 45.37163161381179], [4.306356608436418, 45.37717913995356], [4.302483410893802, 45.38465306887719], [4.299249055779391, 45.38986261642241], [4.297588080364421, 45.39158574888297], [4.295095115006033, 45.39573381432368], [4.296412356847245, 45.396803776388445], [4.297551875682367, 45.39765063777743], [4.298282632652588, 45.39768720344774], [4.299026931092074, 45.39830357797334], [4.294535121772292, 45.40836184531509], [4.294701504235616, 45.409632437811325]]]}, "properties": {"nom": "Firminy", "code_insee": "42095", "population": 17137, "departement": "42", "region": "84"}}, {"type": "Feature", "geometry": {"type": "Polygon", "coordinates": [[[4.644779210485496, 45.54055966651827], [4.642079972023132, 45.53952015196194], [4.634992629257831, 45.536005547890475], [4.632789661895619, 45.53478836740312], [4.632423232942769, 45.53435597026396], [4.631803188669241, 45.533186911254745], [4.63146527189211, 45.531675103060195], [4.629351555054572, 45.5284264708558], [4.626771890228387, 45.526059095076505], [4.6262043630468, 45.522958232231105], [4.625000615059605, 45.522061484524386], [4.624030511811022, 45.5201282895036], [4.621615267700465, 45.51744770149503], [4.621131927570206, 45.51699714495828], [4.615920114007677, 45.51870785195434], [4.609523907637289, 45.513518254339985], [4.609676842114038, 45.510619554173495], [4.608540109724163, 45.50591641214589], [4.607106729743585, 45.50272790724896], [4.604539664495191, 45.49965827041726], [4.604126700406201, 45.49870767851036], [4.603964767990377, 45.49833351937057], [4.603856189373999, 45.4975451983457], [4.608817307925924, 45.49422195299421], [4.611470007577073, 45.4931823777687], [4.612653031948304, 45.49308613131828], [4.615230688308449, 45.49391730250468], [4.618614783514396, 45.49425043694012], [4.619054754351051, 45.494187350974265], [4.623050305040397, 45.49418909683947], [4.638914109404907, 45.49690827560367], [4.647130223002697, 45.49653854525359], [4.649947284958272, 45.49691238319306], [4.653046229585692, 45.498020545262634], [4.654245859575505, 45.49972674670154], [4.650611636606455, 45.510902541376964], [4.648570007391782, 45.521393758947916], [4.650453459253651, 45.52755547715375], [4.654770572726435, 45.533317481920406], [4.656359948474218, 45.53341294657229], [4.656928840853504, 45.533581088124976], [4.661173674676716, 45.53582051082396], [4.66228638174012, 45.53694249950099], [4.666280671569864, 45.54110837865941], [4.666335765880831, 45.54153448014123], [4.66612101142459, 45.541809668020385], [4.665899227282096, 45.542064244239306], [4.665479433321948, 45.54242623333424], [4.664861657419067, 45.54276863784773], [4.664340647748528, 45.542705203837485], [4.661583769350137, 45.54335216012338], [4.660947639544341, 45.54393889594591], [4.660247563424066, 45.54393122939412], [4.659364962734074, 45.54339215653788], [4.659069735718416, 45.54290655149475], [4.658053658486032, 45.54227486933057], [4.657269983605619, 45.542042350032105], [4.651388610268241, 45.54093826536132], [4.647016607041083, 45.54076106296596], [4.645670559692613, 45.540708733985774], [4.644779210485496, 45.54055966651827]]]}, "properties": {"nom": "Châteauneuf", "code_insee": "42053", "population": 1675, "departement": "42", "region": "84"}}, {"type": "Feature", "geometry": {"type": "Polygon", "coordinates": [[[4.381418066158084, 45.38815567080997], [4.382300922159057, 45.388863453917125], [4.39038710744555, 45.39431826121271], [4.390729440503851, 45.394820146384845], [4.391302234669965, 45.3954389485052], [4.392596723389806, 45.39649547633024], [4.393777753643404, 45.39771550799769], [4.391284644043778, 45.39877316296622], [4.38014990126145, 45.405196969611524], [4.377874146393093, 45.41004583825899], [4.37498236700232, 45.41523363499194], [4.37232513726897, 45.4181327800092], [4.37128413841594, 45.41870028273327], [4.364165702792358, 45.420392879234086], [4.362347247005608, 45.420759916961536], [4.361681456882505, 45.42077971286333], [4.35992435257661, 45.420571389170306], [4.358654076994029, 45.42055526938423], [4.355043346535696, 45.41822231249611], [4.352980623924826, 45.416170467891625], [4.351358708774614, 45.41551909252019], [4.35183705070593, 45.41473431678945], [4.352255236320683, 45.407006735770935], [4.352910730645525, 45.40126208906066], [4.354659510854721, 45.39627333196968], [4.362437874961214, 45.39257038486248], [4.37160293713473, 45.39072134412025], [4.373353708005155, 45.390657572633216], [4.374314130960713, 45.390679119321135], [4.377261571608162, 45.390163817756694], [4.380323730684957, 45.38886531294088], [4.381418066158084, 45.38815567080997]]]}, "properties": {"nom": "La Ricamarie", "code_insee": "42183", "population": 8046, "departement": "42", "region": "84"}}, {"type": "Feature", "geometry": {"type": "Polygon", "coordinates": [[[4.358361176857676, 45.45327012979631], [4.360952201909563, 45.45446623692378], [4.369852856297944, 45.4636916968108], [4.369914112486776, 45.46409982044689], [4.3697758809111, 45.46420327565987], [4.369701895982315, 45.464368988297295], [4.370202582309433, 45.46572908268387], [4.370510352941539, 45.46684296662832], [4.370524234410027, 45.467405671202194], [4.370308653398268, 45.46888798775273], [4.369728645292554, 45.47142395069927], [4.365574295124627, 45.47420609688995], [4.361625497351218, 45.47609490016254], [4.359384855663401, 45.47696592309242], [4.354948102514477, 45.47896756746148], [4.353704066038032, 45.479662530063074], [4.353517600574826, 45.4803636421237], [4.351934723372087, 45.480709636508706], [4.350417781696748, 45.4813988428682], [4.348675532078091, 45.48156298656144], [4.347434005341226, 45.481733701291056], [4.3428766161265, 45.48126777702661], [4.343466403758857, 45.47955769381692], [4.343609732348704, 45.478550013636095], [4.343474730859938, 45.47746731379197], [4.342973222096083, 45.47732111566057], [4.342016037300234, 45.477229897841305], [4.341233224860539, 45.47746800677119], [4.337416701482026, 45.47973621732844], [4.33555032782712, 45.477080078005024], [4.33477572573705, 45.47707488380571], [4.334702738959357, 45.47771337160236], [4.33389837181608, 45.47849474275277], [4.333499365858828, 45.478404922078454], [4.333445100393098, 45.47833081763155], [4.333496354302977, 45.47785289450867], [4.333628089565381, 45.47779459183929], [4.333711348713726, 45.47795660973091], [4.333810151389711, 45.477966242661644], [4.333908123236982, 45.477781357337406], [4.333801913817664, 45.477356639272806], [4.333626473396959, 45.47714078075323], [4.332772211533006, 45.47546952280313], [4.33252663109615, 45.472329372816425], [4.333779160949674, 45.46974510416231], [4.335090551366212, 45.46775090892036], [4.336872799495034, 45.46538274671594], [4.341160056766805, 45.46181927378246], [4.346653186233654, 45.45850593866688], [4.351848272025663, 45.45601275847434], [4.356933704016787, 45.45397365831058], [4.358361176857676, 45.45327012979631]]]}, "properties": {"nom": "Villars", "code_insee": "42330", "population": 7783, "departement": "42", "region": "84"}}, {"type": "Feature", "geometry": {"type": "Polygon", "coordinates": [[[4.571885909645258, 45.38514925028872], [4.573117636530767, 45.38522742971186], [4.574122304732886, 45.385140368012934], [4.575902612498705, 45.38545397859314], [4.575661544558306, 45.386103121514424], [4.570928238025161, 45.39971057390225], [4.565744853090182, 45.40540845446144], [4.561897417565672, 45.40872151973913], [4.561163450350532, 45.409266719750974], [4.555433515993552, 45.41181320483429], [4.546597745507739, 45.4228925157841], [4.536877371822468, 45.433611268034795], [4.536355889330258, 45.43432090452034], [4.536161265003846, 45.43412903490164], [4.533356233746798, 45.433627948647874], [4.521665164625779, 45.43215706761171], [4.518652704871609, 45.43182684834714], [4.514806396214489, 45.431923003773], [4.513576976544313, 45.433702125908184], [4.512955327286587, 45.434972288977114], [4.512649829651616, 45.43643812306923], [4.511821440251145, 45.43909262564353], [4.511054860586916, 45.4412941758356], [4.502025741772179, 45.44036803781147], [4.500289970881758, 45.44009406581039], [4.497429338688174, 45.43937937744303], [4.496783835887837, 45.43901964028364], [4.4961184098791, 45.43844221507493], [4.494053401915798, 45.4361011130077], [4.493946761561468, 45.43584585697111], [4.493917590629288, 45.43552202237065], [4.494377798635745, 45.43436850084178], [4.491700192577249, 45.42878158619293], [4.487259979951459, 45.421635630863534], [4.484602776877955, 45.41872673506857], [4.484309047101479, 45.41840640277068], [4.483155484592361, 45.417732699198616], [4.481978361619853, 45.41722951187174], [4.481665006749957, 45.41717961690177], [4.480951605440839, 45.41728180668322], [4.480699050829346, 45.41696992758168], [4.48052184818215, 45.41651025268738], [4.480479582509964, 45.41597944833908], [4.478335672691767, 45.40599652407521], [4.475417089800293, 45.39771873581961], [4.475245560908976, 45.39689063094189], [4.475545036572335, 45.3941569380087], [4.475834979727583, 45.3932813291367], [4.476247544585321, 45.392450935884774], [4.476961071070942, 45.39202815346034], [4.477670473089425, 45.391787344053625], [4.478236755092015, 45.39169251588987], [4.479453609819015, 45.391692667521085], [4.479860072802169, 45.39159633861886], [4.482876443742561, 45.389335554901834], [4.495458481342604, 45.392422256147896], [4.495665640373248, 45.39256809266434], [4.499462541994943, 45.39249393365867], [4.515589185831976, 45.38842953593489], [4.516780099377776, 45.38743354842891], [4.518892472591138, 45.3856415221555], [4.525294134804939, 45.383488534522435], [4.531303982083549, 45.38234742501605], [4.539712144294197, 45.381013644730665], [4.547776880550413, 45.37290678274384], [4.548866560223257, 45.37216221629141], [4.549313135102284, 45.37218486042357], [4.552508629893911, 45.37153539794537], [4.555621915297079, 45.37114726552846], [4.559463875449991, 45.372141270202334], [4.560833550840123, 45.37268418375058], [4.562163992555664, 45.37346719467717], [4.562739598463954, 45.37398873424899], [4.566520914619862, 45.37821840226792], [4.567189476033832, 45.38067587211078], [4.567206281657069, 45.38154474346815], [4.56747775121438, 45.38251632645074], [4.568498003180297, 45.383980880476614], [4.569480130491281, 45.38472635736517], [4.569868760857375, 45.38491094551772], [4.570536293478507, 45.38506010114094], [4.571885909645258, 45.38514925028872]]]}, "properties": {"nom": "La Valla-en-Gier", "code_insee": "42322", "population": 1092, "departement": "42", "region": "84"}}, {"type": "Feature", "geometry": {"type": "Polygon", "coordinates": [[[4.080025681502667, 45.38340790454265], [4.079568665731356, 45.38422279094512], [4.081515337520189, 45.38483439309998], [4.08425095640836, 45.38566346454191], [4.08706102095168, 45.38552367048277], [4.087597560135483, 45.38538248278253], [4.094780516137294, 45.38659399751489], [4.100823036194716, 45.3896398575493], [4.107951324138492, 45.39377513195166], [4.11401822691718, 45.39694163113904], [4.115165799775973, 45.397374185936556], [4.116523869250409, 45.39810361279527], [4.11790868424322, 45.402070213102725], [4.114654570110595, 45.411730344378924], [4.112611577115288, 45.415956185979326], [4.106065951321411, 45.418777522899155], [4.100764977555143, 45.42107024780834], [4.100090618112175, 45.42156496145127], [4.099383497759717, 45.422343663636575], [4.099079207492525, 45.423317433611636], [4.099773470256373, 45.42505588153013], [4.10166470116638, 45.4256902111891], [4.100882126606114, 45.426922638516956], [4.101315081567674, 45.429475035432404], [4.101370184049456, 45.43064250197707], [4.100225984431111, 45.43008639016476], [4.096222736469912, 45.42684221022119], [4.094320730022419, 45.42195552657841], [4.097210997461387, 45.41956695492301], [4.096469500819874, 45.4146473376933], [4.093199776155165, 45.41131664583415], [4.076957403690401, 45.40743944905176], [4.07650966556651, 45.407359099264866], [4.075473132191836, 45.40737445228055], [4.072308265274277, 45.40753805243096], [4.071260415213716, 45.40802805814647], [4.070351843062756, 45.409976496044706], [4.06953673907417, 45.4120681209606], [4.068160692935489, 45.41744394679094], [4.067878999110445, 45.41842281427796], [4.067052895052447, 45.41841987327757], [4.059053382275535, 45.42319202752386], [4.052308078018162, 45.427946435478454], [4.05331043175967, 45.428604323178966], [4.052134539615612, 45.4288459000566], [4.050756863373896, 45.42930638506165], [4.050605559416101, 45.4294212704684], [4.050889850211058, 45.429846362048465], [4.049929951639676, 45.43028490998358], [4.046692465007648, 45.43080776887478], [4.04436737094397, 45.43108609972217], [4.042920476157289, 45.4309311649474], [4.042591251045758, 45.43028944206345], [4.043812761915754, 45.42641117487037], [4.04567404914483, 45.42351391782828], [4.047535390552476, 45.4223267469732], [4.049475964263443, 45.419853737809426], [4.050798094953289, 45.41714244727627], [4.051141301891563, 45.41473479912233], [4.051178735113842, 45.414077057081144], [4.050952488730918, 45.412727474461896], [4.049007698747213, 45.4078431782501], [4.048523233597583, 45.40689764727617], [4.04873314562082, 45.40602936964656], [4.054295356690405, 45.39779043284735], [4.055021968521876, 45.39707937769346], [4.056445607432853, 45.39746760508129], [4.065845234842953, 45.39083892112236], [4.078293113057524, 45.383620007904526], [4.080025681502667, 45.38340790454265]]]}, "properties": {"nom": "Saint-Nizier-de-Fornas", "code_insee": "42266", "population": 656, "departement": "42", "region": "84"}}, {"type": "Feature", "geometry": {"type": "Polygon", "coordinates": [[[4.298282632652588, 45.39768720344774], [4.297551875682367, 45.39765063777743], [4.296412356847245, 45.396803776388445], [4.295095115006033, 45.39573381432368], [4.297588080364421, 45.39158574888297], [4.299249055779391, 45.38986261642241], [4.302483410893802, 45.38465306887719], [4.306356608436418, 45.37717913995356], [4.307976827168585, 45.37163161381179], [4.308055431734243, 45.371442476167395], [4.309942773493274, 45.37074499130739], [4.320238365183115, 45.36956324167961], [4.329663830192148, 45.36925182487659], [4.330049828120611, 45.369258049111245], [4.330968308956949, 45.3690382053614], [4.335305348248095, 45.36795002223994], [4.335817594901441, 45.36736124055835], [4.336191811665242, 45.36655796449036], [4.33679569215852, 45.36680652302794], [4.349221843573392, 45.370981217635425], [4.355077910130221, 45.37299177464896], [4.355655035144339, 45.37690863134012], [4.358590607169163, 45.38257736943324], [4.363057047483702, 45.38794915001213], [4.36854761260599, 45.38882874159162], [4.373320496717337, 45.39050307841585], [4.373353708005155, 45.390657572633216], [4.37160293713473, 45.39072134412025], [4.362437874961214, 45.39257038486248], [4.354659510854721, 45.39627333196968], [4.352910730645525, 45.40126208906066], [4.352255236320683, 45.407006735770935], [4.35183705070593, 45.41473431678945], [4.351358708774614, 45.41551909252019], [4.344269209030291, 45.41275577304361], [4.332238038168008, 45.40905751186227], [4.317682317122629, 45.402826438790164], [4.314486853717964, 45.401065504849676], [4.312782425764974, 45.40029207257538], [4.304171918280659, 45.398077217465804], [4.301003566192582, 45.39766375487864], [4.298282632652588, 45.39768720344774]]]}, "properties": {"nom": "Le Chambon-Feugerolles", "code_insee": "42044", "population": 12066, "departement": "42", "region": "84"}}, {"type": "Feature", "geometry": {"type": "Polygon", "coordinates": [[[4.282749512490551, 45.6198894072488], [4.2820369103971, 45.61909959933407], [4.284912653576976, 45.61526627116204], [4.286647974113232, 45.60682314661634], [4.287298451842224, 45.60245681276555], [4.287100809579378, 45.600575925798964], [4.286180381864596, 45.593641954147486], [4.282438092272034, 45.58991209587395], [4.277768588245086, 45.58755706017662], [4.273256768829377, 45.584566933372464], [4.272132393404208, 45.58369257546926], [4.273698709876323, 45.58353795394122], [4.275250400672477, 45.58352847189795], [4.292867150986153, 45.58487542116948], [4.299377751511444, 45.58504353738935], [4.307586431000307, 45.583628103210025], [4.314852970998695, 45.582901238558925], [4.317339004683791, 45.582918971562776], [4.318347579946606, 45.583154816200725], [4.322580947540702, 45.5842668785219], [4.33337537883311, 45.588109259855], [4.333524968715282, 45.58819574529006], [4.334525000952424, 45.589295228415104], [4.334584015090245, 45.589562007766894], [4.33448681972737, 45.58984054757363], [4.334120806149095, 45.59067524824384], [4.335599519042619, 45.59124849314492], [4.341197760799894, 45.59640178349371], [4.345996201110837, 45.60202009197896], [4.346127963821836, 45.603377533409834], [4.346517004072218, 45.604233858834576], [4.347055451964755, 45.60490196798388], [4.350789163888455, 45.60853168139408], [4.351252706695973, 45.608702633892634], [4.352177445379699, 45.608842824784695], [4.354251364170921, 45.608750331262065], [4.354697770725999, 45.60842974255771], [4.354892472476136, 45.60857329662594], [4.348790739201602, 45.61821019928722], [4.3454397144183, 45.620267687216206], [4.340033506005855, 45.62322405854873], [4.336309553090415, 45.622192118440736], [4.333233122040237, 45.62176840187439], [4.332982163544231, 45.62168671804798], [4.331096362050422, 45.62161718071946], [4.329366698428758, 45.62190330821451], [4.327715883935581, 45.62248117572155], [4.325674419943065, 45.62363100372967], [4.32285322366957, 45.624704405464946], [4.322345169573953, 45.624875187860816], [4.321854871987465, 45.624929581197854], [4.32045542339107, 45.62480551742783], [4.307289311122718, 45.62362545341852], [4.297932216098676, 45.61917313034751], [4.294771686389505, 45.618040565613406], [4.292979091899318, 45.61777749113964], [4.290188256137906, 45.617908594340356], [4.289110361849765, 45.61796958176974], [4.286287307887049, 45.61837203728827], [4.285072618686456, 45.61856693763026], [4.283513842873518, 45.619144001652785], [4.283060763555133, 45.619419348619054], [4.282749512490551, 45.6198894072488]]]}, "properties": {"nom": "Saint-Galmier", "code_insee": "42222", "population": 5842, "departement": "42", "region": "84"}}, {"type": "Feature", "geometry": {"type": "Polygon", "coordinates": [[[4.405834208141443, 45.49637006657558], [4.40584571143504, 45.49662209312716], [4.406884227329281, 45.498186951670924], [4.407811776356804, 45.49936322900213], [4.409869373218931, 45.500102928291625], [4.410465294987231, 45.500219727732556], [4.411686327530303, 45.50074474817195], [4.411920144502324, 45.50087419785812], [4.412276244454144, 45.50132993143982], [4.411815028502713, 45.501676162935624], [4.408222065615035, 45.50422948514849], [4.402552439715328, 45.50753904200061], [4.401717210913695, 45.507635929927474], [4.399442605812412, 45.50744004934834], [4.398367668042885, 45.506817611083974], [4.397168513326954, 45.50268343495183], [4.395607059729326, 45.50027931876458], [4.39373780710225, 45.49754578022255], [4.39201363706909, 45.495126527780585], [4.390573267032918, 45.49390964757325], [4.389265532304615, 45.49333414085672], [4.385852137785709, 45.483911880262085], [4.385977226058919, 45.48045922291102], [4.385780153122456, 45.48025721942956], [4.385858599592356, 45.479912220357996], [4.387357267001575, 45.47722881941735], [4.388100104970211, 45.475501283027455], [4.388800028947341, 45.47533591855879], [4.404470053276169, 45.472764204225655], [4.408396050612673, 45.47231332924325], [4.41069925667651, 45.47283376960406], [4.412040894412949, 45.473443718876325], [4.410625573575541, 45.47537621029952], [4.407116787677487, 45.477751031125244], [4.405323214712775, 45.48462982806935], [4.406354834597127, 45.49381932486334], [4.405834208141443, 45.49637006657558]]]}, "properties": {"nom": "La Tour-en-Jarez", "code_insee": "42311", "population": 1473, "departement": "42", "region": "84"}}, {"type": "Feature", "geometry": {"type": "Polygon", "coordinates": [[[4.467705022835814, 45.58575082075242], [4.467561527232788, 45.58570856270881], [4.46387549182673, 45.577659041633375], [4.464673369392496, 45.57751985993396], [4.465483284122582, 45.57667171953476], [4.465660428745664, 45.57648388046264], [4.464846988600915, 45.575547919779886], [4.460147766295667, 45.56915424415694], [4.459380741071362, 45.568756220044975], [4.455077131362228, 45.567035071890004], [4.45441168319805, 45.566889676699866], [4.455989663711969, 45.56501665822163], [4.457562228606675, 45.56421002962308], [4.461696478498728, 45.562624374376774], [4.464670658356009, 45.561541828355324], [4.469960093909862, 45.559633689773044], [4.486785518435339, 45.55765343643562], [4.490762503000353, 45.55832576460356], [4.492005877856617, 45.55865150624462], [4.493047566602878, 45.55929513586921], [4.495049935700204, 45.56109410493774], [4.496547598633226, 45.56295289905774], [4.4974319343848, 45.564079524667854], [4.499301147180238, 45.56658539537637], [4.500064254053721, 45.568582733734665], [4.50028580255892, 45.56989921030544], [4.500254361628842, 45.570538181646235], [4.500641138322936, 45.57232078423608], [4.500954655107525, 45.57305422084758], [4.502823858205754, 45.57530606177884], [4.504764038595953, 45.57657612862396], [4.505313399461836, 45.57711276024182], [4.506016925507033, 45.57935853882017], [4.504871074027556, 45.583638408411225], [4.501273320558735, 45.58553461300585], [4.484599051688655, 45.58617749648307], [4.468578609890939, 45.58580245896116], [4.467705022835814, 45.58575082075242]]]}, "properties": {"nom": "Marcenod", "code_insee": "42133", "population": 691, "departement": "42", "region": "84"}}, {"type": "Feature", "geometry": {"type": "Polygon", "coordinates": [[[4.405834208141443, 45.49637006657558], [4.424265774293878, 45.494721082637994], [4.424550851949069, 45.49400327952746], [4.432829173411521, 45.485898671664316], [4.447271445920243, 45.47734215744079], [4.447775361543306, 45.47702944857286], [4.44826177566276, 45.477027675636855], [4.452220428772332, 45.47733676682585], [4.458699823147577, 45.47584326950516], [4.459179796080718, 45.475547931436296], [4.460306444595187, 45.476283491447155], [4.462405125255569, 45.47785926432656], [4.464366551603685, 45.480342813927386], [4.462432642902905, 45.48235659716804], [4.458316222936547, 45.49287715285637], [4.455630390997097, 45.50032951452582], [4.454986905644397, 45.50245791503026], [4.454739268761563, 45.50400478683433], [4.454533641493689, 45.50549347432991], [4.454504837417397, 45.50615400223611], [4.454508001832794, 45.50642144553084], [4.454390602208846, 45.50663371141801], [4.44500551725467, 45.517150726654435], [4.443467260725424, 45.51844398410946], [4.442449630197314, 45.51921628078317], [4.438487993666105, 45.52187078020486], [4.438034196356806, 45.52215758433112], [4.437065546021746, 45.52250140974135], [4.436178526207398, 45.52268297219283], [4.435685004497036, 45.52252446842632], [4.430247453225148, 45.52137620660782], [4.429177551812269, 45.52122231102438], [4.427766337746363, 45.52114749582873], [4.427340666389012, 45.52128439620774], [4.426831126237533, 45.52164751454186], [4.425500785166017, 45.52282620183497], [4.425022322884071, 45.523352829438885], [4.424836557604253, 45.523003945782214], [4.418131799900314, 45.51036132025731], [4.417789282808529, 45.50968928469646], [4.415194855268404, 45.50524416624688], [4.413240113329932, 45.50261828609625], [4.412276244454144, 45.50132993143982], [4.411920144502324, 45.50087419785812], [4.411686327530303, 45.50074474817195], [4.410465294987231, 45.500219727732556], [4.409869373218931, 45.500102928291625], [4.407811776356804, 45.49936322900213], [4.406884227329281, 45.498186951670924], [4.40584571143504, 45.49662209312716], [4.405834208141443, 45.49637006657558]]]}, "properties": {"nom": "Sorbiers", "code_insee": "42302", "population": 8042, "departement": "42", "region": "84"}}, {"type": "Feature", "geometry": {"type": "Polygon", "coordinates": [[[4.23938085588353, 45.38501852167777], [4.241669318395161, 45.385114760821445], [4.243512585685614, 45.38547615787585], [4.24453079930506, 45.385174871511076], [4.244262074205589, 45.38573080199259], [4.244015723283938, 45.386716052263395], [4.243866272706196, 45.38803433559031], [4.244033684288985, 45.38871960732383], [4.244439092008573, 45.38913116628831], [4.245245754486088, 45.38948243054705], [4.245990551435397, 45.389638954569726], [4.2463586835278, 45.38986900732122], [4.246970131560313, 45.3905763525265], [4.256558136452359, 45.397235206587766], [4.257229151451458, 45.397401490544006], [4.25786615435286, 45.397589765910176], [4.257546186175936, 45.39847681369918], [4.257180538332774, 45.398983432797195], [4.254749635394418, 45.401666448757], [4.248250977432558, 45.408015066030565], [4.247872049335133, 45.40816427647978], [4.245551850684332, 45.40703645589992], [4.242160999543811, 45.405019892615336], [4.230161130855439, 45.40124468973045], [4.226989943677101, 45.40224845700075], [4.226253514780362, 45.40241861784755], [4.225004839331816, 45.402548444940884], [4.223547615682997, 45.40243828362538], [4.223058760151754, 45.40229862869677], [4.221045816618145, 45.401447932072735], [4.220476342032924, 45.401129032026276], [4.220245190198877, 45.40090640853036], [4.220150975940258, 45.40057422650358], [4.220092931138745, 45.40014258893362], [4.220343356248403, 45.39908800682866], [4.220539848358779, 45.398663503885004], [4.221286944295852, 45.397525160727184], [4.223427168267227, 45.395451239033804], [4.225327395661517, 45.39363025591825], [4.226705279895944, 45.39218148747437], [4.22701325517169, 45.391541418809695], [4.227054783996619, 45.39087454871853], [4.226570305574449, 45.39017561401123], [4.2271236038444, 45.38970666783229], [4.23759540253695, 45.38576050793959], [4.23938085588353, 45.38501852167777]]]}, "properties": {"nom": "Saint-Paul-en-Cornillon", "code_insee": "42270", "population": 1345, "departement": "42", "region": "84"}}, {"type": "Feature", "geometry": {"type": "Polygon", "coordinates": [[[4.405834208141443, 45.49637006657558], [4.406354834597127, 45.49381932486334], [4.405323214712775, 45.48462982806935], [4.407116787677487, 45.477751031125244], [4.410625573575541, 45.47537621029952], [4.412040894412949, 45.473443718876325], [4.412303727368662, 45.472402911301636], [4.412352727480709, 45.471561127092485], [4.412237168458602, 45.47089252947608], [4.414388691369193, 45.465154679353965], [4.421309413868051, 45.4593681774251], [4.422420588561833, 45.45858227385316], [4.423106703183105, 45.45863931713998], [4.428575089086406, 45.466507793007416], [4.4339990040523, 45.46837852324426], [4.435916701610704, 45.46888626108122], [4.44764994836846, 45.47639252999972], [4.447775361543306, 45.47702944857286], [4.447271445920243, 45.47734215744079], [4.432829173411521, 45.485898671664316], [4.424550851949069, 45.49400327952746], [4.424265774293878, 45.494721082637994], [4.405834208141443, 45.49637006657558]]]}, "properties": {"nom": "La Talaudière", "code_insee": "42305", "population": 7073, "departement": "42", "region": "84"}}, {"type": "Feature", "geometry": {"type": "Polygon", "coordinates": [[[4.681713712913377, 45.47979663074025], [4.679994401417057, 45.480605061973364], [4.6759270449454, 45.48061183351168], [4.673115525594565, 45.47738346226378], [4.663988131500497, 45.4852270579291], [4.663847932077871, 45.48537684543526], [4.663745977694251, 45.485008183410116], [4.662414740934299, 45.480444427220775], [4.66215037365829, 45.48003854070768], [4.654545709582658, 45.47777046075864], [4.649014639810602, 45.47512557060488], [4.64546229581905, 45.47227849219756], [4.642642672598069, 45.463766254315914], [4.640041210199227, 45.45433481247499], [4.639259049412065, 45.450248264191444], [4.640110801967223, 45.45010251639853], [4.656174089034527, 45.44848578217983], [4.660823433823403, 45.4487223598629], [4.663225314767455, 45.44928210642008], [4.671394351296271, 45.45417917012287], [4.671842419763084, 45.4546102154717], [4.672069568480786, 45.454759042017905], [4.677003814297451, 45.45801244129726], [4.678274139863546, 45.46460523083292], [4.679151980357081, 45.466631205186474], [4.681646453378085, 45.46814569603808], [4.681399905285906, 45.47019210450067], [4.681328490518892, 45.47781372635047], [4.681713712913377, 45.47979663074025]]]}, "properties": {"nom": "Pavezin", "code_insee": "42167", "population": 387, "departement": "42", "region": "84"}}, {"type": "Feature", "geometry": {"type": "Polygon", "coordinates": [[[4.304323620397018, 45.47896032391399], [4.304716544883179, 45.47884768634384], [4.311306040601272, 45.474476884197045], [4.319241058227508, 45.475227737449146], [4.330656334622395, 45.47686353042751], [4.333626473396959, 45.47714078075323], [4.333801913817664, 45.477356639272806], [4.333908123236982, 45.477781357337406], [4.333810151389711, 45.477966242661644], [4.333711348713726, 45.47795660973091], [4.333628089565381, 45.47779459183929], [4.333496354302977, 45.47785289450867], [4.333445100393098, 45.47833081763155], [4.333499365858828, 45.478404922078454], [4.33389837181608, 45.47849474275277], [4.334702738959357, 45.47771337160236], [4.33477572573705, 45.47707488380571], [4.33555032782712, 45.477080078005024], [4.337416701482026, 45.47973621732844], [4.341233224860539, 45.47746800677119], [4.342016037300234, 45.477229897841305], [4.342973222096083, 45.47732111566057], [4.343474730859938, 45.47746731379197], [4.343609732348704, 45.478550013636095], [4.343466403758857, 45.47955769381692], [4.3428766161265, 45.48126777702661], [4.347434005341226, 45.481733701291056], [4.348675532078091, 45.48156298656144], [4.34859714646298, 45.48197279907383], [4.345513914614109, 45.488456268953655], [4.344916756382068, 45.48975758214622], [4.345835659296239, 45.49306796981327], [4.349968118828987, 45.49576607599309], [4.357724917387948, 45.50054928279046], [4.358996794178388, 45.50128859820693], [4.359272105563893, 45.50128706670875], [4.359005489775618, 45.50132992057837], [4.353906197364871, 45.5033431261603], [4.349060602118213, 45.50548093352985], [4.344895544478316, 45.51399562501635], [4.344890325229226, 45.5149962533093], [4.345065204812537, 45.51549939518255], [4.34482705134499, 45.51534554296241], [4.343506038955746, 45.51469851305197], [4.342915451468306, 45.51443179469601], [4.342613194776758, 45.51432823738688], [4.342039517547184, 45.51428376024153], [4.338146086567688, 45.516760033373714], [4.332920980682871, 45.51986528713679], [4.3266916405127, 45.52332528557571], [4.324799751074746, 45.52430945275922], [4.319234901372691, 45.52466404049811], [4.316552179727666, 45.52515662125753], [4.313263026383912, 45.52590479321061], [4.310554934052266, 45.519576429868465], [4.2992250739104, 45.520678899354074], [4.280697976983489, 45.52158783727817], [4.280411421629045, 45.51971788181171], [4.280435166367941, 45.51880351471313], [4.281523677074723, 45.51157289237362], [4.282491512028058, 45.509221218022546], [4.290404080750004, 45.50594609149381], [4.298223977281918, 45.49644660103533], [4.299855616096715, 45.494431116973395], [4.301676966225632, 45.49204686930578], [4.302661858084771, 45.48965428909954], [4.30361149053662, 45.48319955740194], [4.304323620397018, 45.47896032391399]]]}, "properties": {"nom": "La Fouillouse", "code_insee": "42097", "population": 4655, "departement": "42", "region": "84"}}, {"type": "Feature", "geometry": {"type": "Polygon", "coordinates": [[[4.271087551344, 45.374604876257024], [4.271585464685021, 45.37620853876438], [4.271876323112457, 45.376578972346124], [4.274732513854428, 45.380273960204825], [4.275362551300376, 45.387523574465945], [4.274274065823851, 45.39088967927365], [4.274051260341413, 45.39137401754091], [4.272740779076425, 45.39197157798662], [4.272144941266152, 45.39207380413703], [4.271657340037173, 45.39171100561188], [4.270965535329545, 45.39152883403349], [4.270501689875724, 45.39153409399474], [4.270003069251366, 45.391639709330164], [4.267271896448104, 45.39249104744678], [4.249155325845882, 45.39078706189664], [4.248367533565466, 45.38985475060759], [4.247677212177139, 45.38922123698982], [4.247428356938876, 45.389180780507075], [4.2463586835278, 45.38986900732122], [4.245990551435397, 45.389638954569726], [4.245245754486088, 45.38948243054705], [4.244439092008573, 45.38913116628831], [4.244033684288985, 45.38871960732383], [4.243866272706196, 45.38803433559031], [4.244015723283938, 45.386716052263395], [4.244262074205589, 45.38573080199259], [4.24453079930506, 45.385174871511076], [4.244419369588662, 45.3845925440176], [4.244518364408991, 45.38416187575574], [4.251780317105002, 45.375324795222795], [4.268308642972194, 45.3746138584434], [4.268956196266209, 45.37482626338652], [4.270194432259688, 45.37522198836886], [4.271087551344, 45.374604876257024]]]}, "properties": {"nom": "Fraisses", "code_insee": "42099", "population": 3779, "departement": "42", "region": "84"}}, {"type": "Feature", "geometry": {"type": "Polygon", "coordinates": [[[4.600793585141015, 45.53604052969719], [4.600505022083047, 45.53612209754869], [4.599991115947448, 45.53612221256191], [4.594339753255089, 45.53608997557508], [4.59058382279558, 45.53672774031406], [4.578559770730879, 45.54356485752177], [4.569232870126491, 45.54987306584605], [4.568607926183748, 45.55066535702546], [4.567744401516783, 45.55204279331325], [4.567714221956854, 45.55274392025669], [4.567837081340431, 45.55758950770253], [4.56903531812861, 45.56133390523875], [4.567975123504518, 45.56147479187767], [4.56726904502499, 45.561352244214966], [4.563794331591517, 45.55921116268585], [4.563228467034898, 45.558830854590326], [4.562722782359135, 45.5583110069412], [4.562427072432009, 45.55746220310038], [4.556671914895223, 45.54996941780993], [4.548291355505248, 45.541255274898454], [4.547950463798149, 45.54029177908603], [4.549012914775221, 45.54001504831468], [4.551517827201872, 45.54021915562352], [4.553963994676231, 45.540841919592815], [4.560945224441137, 45.538837573333225], [4.567786638599479, 45.533081735981575], [4.567918005483204, 45.53287815732807], [4.568348004963322, 45.53140680015], [4.566953814840521, 45.52723284108828], [4.565518211212493, 45.52526242895826], [4.564510527278732, 45.524878383568115], [4.564031978568658, 45.524856227546785], [4.557339334096485, 45.52584536293109], [4.556100870915255, 45.52613992582081], [4.555460821804135, 45.52643609674299], [4.554755742480506, 45.52692680266897], [4.554308375919613, 45.52335203221251], [4.55567601815833, 45.52049156511401], [4.56204651270086, 45.51936740192986], [4.563326408232966, 45.519185675830464], [4.564396833498058, 45.519481493435514], [4.566050787497089, 45.52025191229779], [4.56628271816894, 45.52048014420328], [4.566438443771299, 45.520958917635475], [4.566745162977721, 45.52111315318411], [4.568436577526422, 45.52157409367465], [4.570180248572916, 45.52139031559454], [4.570617693791228, 45.52118335470709], [4.570917076346391, 45.52062526938759], [4.571278370299155, 45.51926744270498], [4.571245786272489, 45.51893105641761], [4.571421897339369, 45.51858994896046], [4.57213068723813, 45.51814861908001], [4.574466230231545, 45.51787812957163], [4.575152546030217, 45.51786490316085], [4.59147243356832, 45.51757627976771], [4.592222549922623, 45.51813485956327], [4.59336674213761, 45.519210222794825], [4.593761937756882, 45.51963242532011], [4.594848403323611, 45.521149013030914], [4.598763112537124, 45.53291084526249], [4.600723706794915, 45.53588391057293], [4.600793585141015, 45.53604052969719]]]}, "properties": {"nom": "Genilac", "code_insee": "42225", "population": 3843, "departement": "42", "region": "84"}}, {"type": "Feature", "geometry": {"type": "Polygon", "coordinates": [[[4.579917863273201, 45.498088181619345], [4.579933106429148, 45.49547338925439], [4.580123845907909, 45.49430076464007], [4.58489123854521, 45.49061205544651], [4.596634615642209, 45.48280992846197], [4.597827410646204, 45.481680651947244], [4.599570303453646, 45.47964917852161], [4.600018071263184, 45.478793483385914], [4.600671479106509, 45.47676671141554], [4.60076181333584, 45.47621422561714], [4.600551780308681, 45.474922988727606], [4.600176972206451, 45.474043896738024], [4.600034143510818, 45.47344069740865], [4.600180188980239, 45.47140044728093], [4.600752417154325, 45.46900286551045], [4.601578160689894, 45.46749780749929], [4.602183183915328, 45.46703974641672], [4.610482376868045, 45.46367769258833], [4.615570339386609, 45.461841069791575], [4.616630433585472, 45.46158982897487], [4.617875955791201, 45.4614655979698], [4.619529593099363, 45.46181911247862], [4.619695298844353, 45.462981263156976], [4.62173432417091, 45.46780992899521], [4.621815371440012, 45.468481545386844], [4.621617069577146, 45.469975893024376], [4.621374960334635, 45.47058372995595], [4.620248351399113, 45.47286064245055], [4.616100871127456, 45.47893590946104], [4.61503141671298, 45.47971325705782], [4.613132116037209, 45.482467749003064], [4.612408552807884, 45.4847549965351], [4.611843843826913, 45.48669410742481], [4.611484175709543, 45.489081499162374], [4.61170408659192, 45.491540728240295], [4.612653031948304, 45.49308613131828], [4.611470007577073, 45.4931823777687], [4.608817307925924, 45.49422195299421], [4.603856189373999, 45.4975451983457], [4.603964767990377, 45.49833351937057], [4.604126700406201, 45.49870767851036], [4.602881273771652, 45.498865067931355], [4.598705282115231, 45.5002134444527], [4.59480173858713, 45.502492668946005], [4.590588308141741, 45.505590332105214], [4.590109539776185, 45.50586820908022], [4.589552183696084, 45.506175116682485], [4.588746989920291, 45.50646031028416], [4.587722905381179, 45.506482001050955], [4.582186092630219, 45.5042950260907], [4.581741301495652, 45.504103150415325], [4.580507646023728, 45.50319555763397], [4.578973603494231, 45.501677034773365], [4.579059073080293, 45.50089947484663], [4.579714686469598, 45.49909436151551], [4.579917863273201, 45.498088181619345]]]}, "properties": {"nom": "Farnay", "code_insee": "42093", "population": 1360, "departement": "42", "region": "84"}}, {"type": "Feature", "geometry": {"type": "Polygon", "coordinates": [[[4.639259049412065, 45.450248264191444], [4.640041210199227, 45.45433481247499], [4.642642672598069, 45.463766254315914], [4.64546229581905, 45.47227849219756], [4.649014639810602, 45.47512557060488], [4.654545709582658, 45.47777046075864], [4.66215037365829, 45.48003854070768], [4.662414740934299, 45.480444427220775], [4.663745977694251, 45.485008183410116], [4.663847932077871, 45.48537684543526], [4.663555897739101, 45.48541630013702], [4.657049110907293, 45.48924580290507], [4.651054082405929, 45.49403650493549], [4.650933379044398, 45.49544691738365], [4.649947284958272, 45.49691238319306], [4.647130223002697, 45.49653854525359], [4.638914109404907, 45.49690827560367], [4.623050305040397, 45.49418909683947], [4.619054754351051, 45.494187350974265], [4.618614783514396, 45.49425043694012], [4.615230688308449, 45.49391730250468], [4.612653031948304, 45.49308613131828], [4.61170408659192, 45.491540728240295], [4.611484175709543, 45.489081499162374], [4.611843843826913, 45.48669410742481], [4.612408552807884, 45.4847549965351], [4.613132116037209, 45.482467749003064], [4.61503141671298, 45.47971325705782], [4.616100871127456, 45.47893590946104], [4.620248351399113, 45.47286064245055], [4.621374960334635, 45.47058372995595], [4.621617069577146, 45.469975893024376], [4.621815371440012, 45.468481545386844], [4.62173432417091, 45.46780992899521], [4.619695298844353, 45.462981263156976], [4.619529593099363, 45.46181911247862], [4.619359740533355, 45.460997467982835], [4.618767454923158, 45.45564804216893], [4.633217706096035, 45.45136853918878], [4.63756664448188, 45.45052606832276], [4.639259049412065, 45.450248264191444]]]}, "properties": {"nom": "Sainte-Croix-en-Jarez", "code_insee": "42210", "population": 484, "departement": "42", "region": "84"}}, {"type": "Feature", "geometry": {"type": "Polygon", "coordinates": [[[4.270011262250374, 45.58398312815098], [4.271188537249989, 45.58028550154161], [4.271222043123124, 45.58018065402479], [4.278043771968964, 45.57851827552617], [4.279000443763242, 45.57834979300071], [4.290186601223608, 45.576116394279666], [4.298245971273815, 45.574231431445234], [4.303803554782084, 45.57242446023827], [4.311824686618935, 45.56647095245245], [4.320705549339924, 45.56083637674871], [4.3211403615779, 45.560790739731374], [4.32161371460196, 45.560587042892635], [4.32254860017086, 45.55984565966375], [4.323200128136492, 45.55942641709821], [4.324069304724465, 45.55894156482334], [4.325993438927637, 45.557915611943486], [4.326211295832119, 45.557804969411855], [4.326982005618088, 45.557707613566784], [4.328280697647987, 45.55760221252463], [4.3306132541108, 45.55784209970546], [4.331474638703948, 45.55799760900534], [4.342042142493846, 45.560276532614594], [4.350905728819597, 45.56267673394738], [4.35493782191816, 45.564088084241774], [4.355274259425662, 45.5643190865635], [4.355089551326507, 45.564525751175985], [4.35306984088413, 45.56640443009195], [4.351581123223184, 45.56766337545793], [4.35115395034394, 45.56807648541403], [4.350048034578077, 45.56941996793331], [4.348201775816107, 45.572750951796955], [4.349101656182391, 45.57431891934763], [4.350845473859757, 45.575310261844606], [4.350783633913918, 45.57550913837046], [4.348916269981943, 45.57761015897813], [4.34268717466482, 45.584538332007874], [4.341055598407245, 45.586231128426384], [4.339818294176484, 45.58731129438936], [4.336569210501663, 45.58964920495564], [4.336356204947077, 45.589752604210034], [4.336101490204676, 45.58982857984672], [4.33448681972737, 45.58984054757363], [4.334584015090245, 45.589562007766894], [4.334525000952424, 45.589295228415104], [4.333524968715282, 45.58819574529006], [4.33337537883311, 45.588109259855], [4.322580947540702, 45.5842668785219], [4.318347579946606, 45.583154816200725], [4.317339004683791, 45.582918971562776], [4.314852970998695, 45.582901238558925], [4.307586431000307, 45.583628103210025], [4.299377751511444, 45.58504353738935], [4.292867150986153, 45.58487542116948], [4.275250400672477, 45.58352847189795], [4.273698709876323, 45.58353795394122], [4.272132393404208, 45.58369257546926], [4.270506333230363, 45.58398293901535], [4.270011262250374, 45.58398312815098]]]}, "properties": {"nom": "Chambœuf", "code_insee": "42043", "population": 1797, "departement": "42", "region": "84"}}, {"type": "Feature", "geometry": {"type": "Polygon", "coordinates": [[[4.423106703183105, 45.45863931713998], [4.42323825035265, 45.45837917388503], [4.424960670330485, 45.45353545399218], [4.42498613134372, 45.451484446806035], [4.427123802969585, 45.44678221667759], [4.434204845684734, 45.44387749701129], [4.447278554380552, 45.44155259683072], [4.456518050175005, 45.43984700885199], [4.458300956001716, 45.439878777493675], [4.45945140009876, 45.440233063936844], [4.462190590918218, 45.441455542882935], [4.465778325994075, 45.44365574565769], [4.46779324112256, 45.444958703850766], [4.468489122988432, 45.44553499544075], [4.469055667668957, 45.44644530434276], [4.469527123227456, 45.447291111581656], [4.46963771562456, 45.44731217803585], [4.470200418693502, 45.4469634703092], [4.470551103570943, 45.44691924608594], [4.471432094997546, 45.447622782094044], [4.472452370162899, 45.44913954176576], [4.473129534983017, 45.4502609255005], [4.473477936936782, 45.45123982396171], [4.472414864126604, 45.45916931451856], [4.469087283587502, 45.46506605462857], [4.467108652984931, 45.468364790816544], [4.461258382363723, 45.474610360541305], [4.459179796080718, 45.475547931436296], [4.458699823147577, 45.47584326950516], [4.452220428772332, 45.47733676682585], [4.44826177566276, 45.477027675636855], [4.447775361543306, 45.47702944857286], [4.44764994836846, 45.47639252999972], [4.435916701610704, 45.46888626108122], [4.4339990040523, 45.46837852324426], [4.428575089086406, 45.466507793007416], [4.423106703183105, 45.45863931713998]]]}, "properties": {"nom": "Saint-Jean-Bonnefonds", "code_insee": "42237", "population": 6611, "departement": "42", "region": "84"}}, {"type": "Feature", "geometry": {"type": "Polygon", "coordinates": [[[4.536355889330258, 45.43432090452034], [4.536877371822468, 45.433611268034795], [4.546597745507739, 45.4228925157841], [4.555433515993552, 45.41181320483429], [4.561163450350532, 45.409266719750974], [4.561897417565672, 45.40872151973913], [4.565744853090182, 45.40540845446144], [4.570928238025161, 45.39971057390225], [4.575661544558306, 45.386103121514424], [4.575902612498705, 45.38545397859314], [4.576074436813361, 45.384210492152064], [4.583171971513836, 45.38368712734379], [4.583336722883321, 45.383682997902675], [4.583605646781646, 45.38370171291048], [4.585919020022654, 45.3843327570633], [4.586234399512333, 45.384546245649965], [4.587232667831621, 45.38477347766285], [4.596836443884377, 45.38758839604561], [4.60794945383612, 45.390932050043304], [4.612050337831112, 45.39266359990227], [4.613848641696587, 45.40120371588207], [4.61412891803726, 45.40306400911568], [4.614372466033379, 45.406829691261166], [4.614556084082523, 45.41244976370054], [4.61559414296184, 45.417942248389934], [4.61693870566513, 45.42363205584136], [4.617271378185061, 45.42473595299615], [4.617435795146152, 45.425111852673055], [4.617733397015669, 45.42558129910336], [4.619859104457845, 45.428389447971945], [4.620124194023132, 45.428619786306115], [4.623693828501481, 45.42939674806283], [4.630596937388058, 45.431043834798], [4.631168973473414, 45.431183221534454], [4.631400198397288, 45.43169593040645], [4.633552706904704, 45.43682082225362], [4.634244086341557, 45.438884950573325], [4.63417177912356, 45.4397326172955], [4.633522955934582, 45.441380356095976], [4.633028967931581, 45.442420598227265], [4.632744251839763, 45.4427021444058], [4.632397160374051, 45.443343057320895], [4.632208976606389, 45.44416719104201], [4.632346433783558, 45.445231563102716], [4.631489381890849, 45.445369223844516], [4.631063082281123, 45.44531778228419], [4.628799634828999, 45.44466167664007], [4.628498521181122, 45.44359877707102], [4.628156720770486, 45.442849894315785], [4.627899150595034, 45.44261766256622], [4.627277684236011, 45.44232316191319], [4.62657131666012, 45.44210014004835], [4.623229398729697, 45.441308251935695], [4.622171850605262, 45.441106496787995], [4.621718972973222, 45.441063510617525], [4.618272634177692, 45.44129432232376], [4.610939782825525, 45.44206546833987], [4.602990532709458, 45.44462732120057], [4.592008242362422, 45.44531782478971], [4.58448681044393, 45.44547296631192], [4.583517227124617, 45.44543712404581], [4.581468564578768, 45.44488961878695], [4.580683818072164, 45.44455933831156], [4.57456065280601, 45.44118250966741], [4.572736931249924, 45.439940000374726], [4.571969149595869, 45.43930050420873], [4.570692647051331, 45.43749910192143], [4.570571214925017, 45.4368235234586], [4.565288085402824, 45.43051818753747], [4.560600919801226, 45.42731241751961], [4.559059760373603, 45.42717894844876], [4.557879381956147, 45.42745924045911], [4.554619089327759, 45.42832857032117], [4.548523668177716, 45.432162244138496], [4.546914302638039, 45.433488571103055], [4.546334530359045, 45.43338578978504], [4.540740852785347, 45.43431568150011], [4.540460651513042, 45.43440599145706], [4.53786386055959, 45.435053160856526], [4.537403101583879, 45.43499823579555], [4.536976389783909, 45.43483296543882], [4.536355889330258, 45.43432090452034]]]}, "properties": {"nom": "Doizieux", "code_insee": "42085", "population": 852, "departement": "42", "region": "84"}}, {"type": "Feature", "geometry": {"type": "Polygon", "coordinates": [[[4.294701504235616, 45.409632437811325], [4.294535121772292, 45.40836184531509], [4.299026931092074, 45.39830357797334], [4.298282632652588, 45.39768720344774], [4.301003566192582, 45.39766375487864], [4.304171918280659, 45.398077217465804], [4.312782425764974, 45.40029207257538], [4.314486853717964, 45.401065504849676], [4.317682317122629, 45.402826438790164], [4.332238038168008, 45.40905751186227], [4.344269209030291, 45.41275577304361], [4.351358708774614, 45.41551909252019], [4.352980623924826, 45.416170467891625], [4.355043346535696, 45.41822231249611], [4.358654076994029, 45.42055526938423], [4.359330980874374, 45.42099015475852], [4.36223369155925, 45.42505081214666], [4.362506522991277, 45.42668567314288], [4.362377078139208, 45.42677910635494], [4.361693099655986, 45.42741692827812], [4.3477715438758, 45.43481325758216], [4.339130609949548, 45.43804271578154], [4.338342116416573, 45.438447486364346], [4.335183942287443, 45.44144085982196], [4.331866815007778, 45.44609040977432], [4.33172335133642, 45.44677746090108], [4.331321199997458, 45.44804215791864], [4.327517123166379, 45.45092409490856], [4.324338641911646, 45.45252868706963], [4.317873019595546, 45.45544167869222], [4.314476813202162, 45.45641182899234], [4.313349536900572, 45.45657813100818], [4.312125268314701, 45.45664739219277], [4.311398584741578, 45.456654087779555], [4.310636605718759, 45.45652069964007], [4.30814948818437, 45.45545551693081], [4.307151593510066, 45.45492049351888], [4.303835179337386, 45.45357128653605], [4.302288915975631, 45.4532209085798], [4.301885180813253, 45.45319227313056], [4.303756620732527, 45.45207723034266], [4.306579018578147, 45.44934444146638], [4.306890422107807, 45.44882117691276], [4.308278441733821, 45.436203134048434], [4.307586904157743, 45.429318145236365], [4.307010778004072, 45.42227601563067], [4.306956472555385, 45.415341283086], [4.305966613646625, 45.41506283225131], [4.300875196063775, 45.4136558878297], [4.300075897462661, 45.41348594533208], [4.298665064831924, 45.41269898310075], [4.296571318947254, 45.411411078587214], [4.294855104329452, 45.41007915062515], [4.294701504235616, 45.409632437811325]]]}, "properties": {"nom": "Roche-la-Molière", "code_insee": "42189", "population": 9863, "departement": "42", "region": "84"}}, {"type": "Feature", "geometry": {"type": "Polygon", "coordinates": [[[4.643162085040352, 45.54295208239267], [4.642978816276114, 45.54312588916981], [4.633606044195827, 45.55507387899261], [4.632126683845709, 45.55782168859146], [4.626252151705562, 45.56739625279319], [4.62511839776097, 45.56887713145638], [4.623789214825395, 45.57021131082139], [4.618125075055409, 45.574168543983205], [4.615753709534921, 45.57482501022988], [4.613508436702094, 45.57470414513769], [4.609865964128246, 45.574032232292566], [4.607207717615674, 45.572935434188615], [4.603078220072293, 45.571024653065344], [4.602735624662039, 45.57052967178395], [4.602123613560832, 45.56989712610429], [4.599903742129824, 45.56731502947685], [4.598990393221774, 45.56614636130149], [4.601461779747821, 45.55550591928829], [4.611574968784398, 45.54714372490816], [4.616905452369583, 45.5410966666829], [4.617254286150611, 45.538861610882684], [4.618921666366747, 45.53837735887898], [4.622870850484892, 45.536860409360244], [4.625754788901292, 45.536128805043276], [4.628320801887659, 45.53557105883101], [4.628753272440133, 45.53559090878899], [4.629628530146583, 45.5356763878744], [4.634270062948127, 45.5363619165685], [4.643162085040352, 45.54295208239267]]]}, "properties": {"nom": "Saint-Joseph", "code_insee": "42242", "population": 1972, "departement": "42", "region": "84"}}, {"type": "Feature", "geometry": {"type": "Polygon", "coordinates": [[[4.358361176857676, 45.45327012979631], [4.356933704016787, 45.45397365831058], [4.351848272025663, 45.45601275847434], [4.346653186233654, 45.45850593866688], [4.341160056766805, 45.46181927378246], [4.336872799495034, 45.46538274671594], [4.335090551366212, 45.46775090892036], [4.333779160949674, 45.46974510416231], [4.33252663109615, 45.472329372816425], [4.332772211533006, 45.47546952280313], [4.333626473396959, 45.47714078075323], [4.330656334622395, 45.47686353042751], [4.319241058227508, 45.475227737449146], [4.311306040601272, 45.474476884197045], [4.304716544883179, 45.47884768634384], [4.304323620397018, 45.47896032391399], [4.303722337147086, 45.47734084989874], [4.301621764451206, 45.46456250415219], [4.300003394353719, 45.46404181613837], [4.297786390294457, 45.463478498744564], [4.295740820854563, 45.46318513472132], [4.295231283920244, 45.46317750911367], [4.294899802452532, 45.463341639049645], [4.295058899209128, 45.46198622582964], [4.295960281734436, 45.45750532252017], [4.300174350950281, 45.4537371546128], [4.300512188954058, 45.45368370653969], [4.301885180813253, 45.45319227313056], [4.302288915975631, 45.4532209085798], [4.303835179337386, 45.45357128653605], [4.307151593510066, 45.45492049351888], [4.30814948818437, 45.45545551693081], [4.310636605718759, 45.45652069964007], [4.311398584741578, 45.456654087779555], [4.312125268314701, 45.45664739219277], [4.313349536900572, 45.45657813100818], [4.314476813202162, 45.45641182899234], [4.317873019595546, 45.45544167869222], [4.324338641911646, 45.45252868706963], [4.327517123166379, 45.45092409490856], [4.331321199997458, 45.44804215791864], [4.33172335133642, 45.44677746090108], [4.331866815007778, 45.44609040977432], [4.335183942287443, 45.44144085982196], [4.338342116416573, 45.438447486364346], [4.339130609949548, 45.43804271578154], [4.3477715438758, 45.43481325758216], [4.361693099655986, 45.42741692827812], [4.362377078139208, 45.42677910635494], [4.362800522756964, 45.42709637245347], [4.365942740479113, 45.431094594437226], [4.36634581087081, 45.43224604542394], [4.366446410194758, 45.43342459684161], [4.362791287570373, 45.438563729864306], [4.358036672473938, 45.445437091028126], [4.357059409386661, 45.44890359512168], [4.35760507913182, 45.45091882541725], [4.359153410326006, 45.45249232695664], [4.358361176857676, 45.45327012979631]]]}, "properties": {"nom": "Saint-Genest-Lerpt", "code_insee": "42223", "population": 6183, "departement": "42", "region": "84"}}, {"type": "Feature", "geometry": {"type": "Polygon", "coordinates": [[[4.504764038595953, 45.57657612862396], [4.502823858205754, 45.57530606177884], [4.500954655107525, 45.57305422084758], [4.500641138322936, 45.57232078423608], [4.500254361628842, 45.570538181646235], [4.50028580255892, 45.56989921030544], [4.500064254053721, 45.568582733734665], [4.499301147180238, 45.56658539537637], [4.4974319343848, 45.564079524667854], [4.496547598633226, 45.56295289905774], [4.49753449886389, 45.561704982871184], [4.497825669664575, 45.561472341533346], [4.498265736401208, 45.56129355409806], [4.504095904358627, 45.5589433776595], [4.504568970877457, 45.55870648266253], [4.504849140358103, 45.55873155205218], [4.505718893287511, 45.55875052475517], [4.506456320070408, 45.55866498928807], [4.515858396892207, 45.5573308143513], [4.52243448327892, 45.555809005322324], [4.53776989524393, 45.54702698832784], [4.545216023188917, 45.538840655746355], [4.545339070330566, 45.538657033277715], [4.546447687532462, 45.53874985623799], [4.547713452274205, 45.53992758135916], [4.547917656641101, 45.54012651249365], [4.547950463798149, 45.54029177908603], [4.548291355505248, 45.541255274898454], [4.556671914895223, 45.54996941780993], [4.562427072432009, 45.55746220310038], [4.562722782359135, 45.5583110069412], [4.563228467034898, 45.558830854590326], [4.563794331591517, 45.55921116268585], [4.56726904502499, 45.561352244214966], [4.567975123504518, 45.56147479187767], [4.56903531812861, 45.56133390523875], [4.570772857282783, 45.56147805741141], [4.584852032755709, 45.57071747951679], [4.586770280913196, 45.57080119939965], [4.586339147514656, 45.57141973063193], [4.582900443086003, 45.57440704347824], [4.5779489849096, 45.57756409732787], [4.570351392364626, 45.58250158172945], [4.568838743743576, 45.58348369540603], [4.568242314820474, 45.58361990850388], [4.567577887166034, 45.58371023245393], [4.566930041537879, 45.58347968882427], [4.560148448031063, 45.58023617710259], [4.553995485319422, 45.57871012662775], [4.553096126363309, 45.578516305196494], [4.552934160868281, 45.57850323143412], [4.547661222163778, 45.57995753540708], [4.546106415528337, 45.58077329879297], [4.531644120122023, 45.57720204451673], [4.518243182503934, 45.57429281105318], [4.513193213913992, 45.575005755800674], [4.506656003928855, 45.576115780981695], [4.504764038595953, 45.57657612862396]]]}, "properties": {"nom": "Saint-Romain-en-Jarez", "code_insee": "42283", "population": 1211, "departement": "42", "region": "84"}}, {"type": "Feature", "geometry": {"type": "Polygon", "coordinates": [[[4.40384852884865, 45.558084159386205], [4.403793806339764, 45.55789751484349], [4.404127998991966, 45.55291834029814], [4.404292681734763, 45.55122042421098], [4.405220623593358, 45.55000109954726], [4.407256859497674, 45.548360814751405], [4.409756639355084, 45.546808341253346], [4.41218401117553, 45.54609249245166], [4.412783669147272, 45.54598408550412], [4.413900184797257, 45.54593852034814], [4.414351599645759, 45.54619942178638], [4.414762240213787, 45.54667067854618], [4.415528769979635, 45.546772701410404], [4.416676446876109, 45.54659162371812], [4.416779263622411, 45.54650206692204], [4.416721841987144, 45.546210990971005], [4.416894635555703, 45.546000769693485], [4.42282812703413, 45.543813843990726], [4.427002397926285, 45.55093163866789], [4.426941889930458, 45.55545622080304], [4.421544207951352, 45.5608842107003], [4.420770223723161, 45.56210082724898], [4.419079201500131, 45.56556165531211], [4.419118264406795, 45.56578541642147], [4.415951164923905, 45.56633510667403], [4.406417238743196, 45.566509735527596], [4.401827595289018, 45.56607983315868], [4.401770640886699, 45.5656527507998], [4.402760885584469, 45.56460378822228], [4.40295999635517, 45.56421313764477], [4.403155399225179, 45.56342265943108], [4.403303898162028, 45.562450842043646], [4.403934899279202, 45.558305532596904], [4.40384852884865, 45.558084159386205]]]}, "properties": {"nom": "La Gimond", "code_insee": "42100", "population": 278, "departement": "42", "region": "84"}}, {"type": "Feature", "geometry": {"type": "Polygon", "coordinates": [[[4.115165799775973, 45.397374185936556], [4.115337124808841, 45.397121229479815], [4.116230419087976, 45.39309861525142], [4.116005317108733, 45.391880621845196], [4.117828562706837, 45.39025948342131], [4.119215633744279, 45.39002320412806], [4.120181418225056, 45.39057279108803], [4.131715113570825, 45.3954234096488], [4.136032723056033, 45.402050976449864], [4.140833954186367, 45.40521716702426], [4.147927624451182, 45.408794672008604], [4.154265516791607, 45.41269111489265], [4.154563536271822, 45.41300413966664], [4.154562479252066, 45.41319957033216], [4.154665992650441, 45.41412066951619], [4.153838426128844, 45.41712622801278], [4.146220416593563, 45.41956922060623], [4.129454560682468, 45.4268663188986], [4.126060121552396, 45.42856197186731], [4.125237851751851, 45.42881967827281], [4.120935016493264, 45.42924370523581], [4.111501498542044, 45.428548728349114], [4.102367817694158, 45.425934553019836], [4.10166470116638, 45.4256902111891], [4.099773470256373, 45.42505588153013], [4.099079207492525, 45.423317433611636], [4.099383497759717, 45.422343663636575], [4.100090618112175, 45.42156496145127], [4.100764977555143, 45.42107024780834], [4.106065951321411, 45.418777522899155], [4.112611577115288, 45.415956185979326], [4.114654570110595, 45.411730344378924], [4.11790868424322, 45.402070213102725], [4.116523869250409, 45.39810361279527], [4.115165799775973, 45.397374185936556]]]}, "properties": {"nom": "Aboën", "code_insee": "42001", "population": 473, "departement": "42", "region": "84"}}, {"type": "Feature", "geometry": {"type": "Polygon", "coordinates": [[[4.224933749100744, 45.423468424299614], [4.22501342665347, 45.4222671000557], [4.226439176713099, 45.41420136241833], [4.220676928225835, 45.408754609045054], [4.220344727181429, 45.401947274546465], [4.221045816618145, 45.401447932072735], [4.223058760151754, 45.40229862869677], [4.223547615682997, 45.40243828362538], [4.225004839331816, 45.402548444940884], [4.226253514780362, 45.40241861784755], [4.226989943677101, 45.40224845700075], [4.230161130855439, 45.40124468973045], [4.242160999543811, 45.405019892615336], [4.245551850684332, 45.40703645589992], [4.247872049335133, 45.40816427647978], [4.248112561688093, 45.408512820044166], [4.247947528535171, 45.40896404071965], [4.247735569879318, 45.409147414350755], [4.246930352150215, 45.40950129178707], [4.246283001472114, 45.40965438288757], [4.247527930041649, 45.41465309608286], [4.250351302574558, 45.42062753780672], [4.251225809477686, 45.421641729695885], [4.251441770210167, 45.42243001992505], [4.251194344264667, 45.423539582026834], [4.24979058183518, 45.4257211091633], [4.247517253180813, 45.42842652151724], [4.247053133621984, 45.42974471547076], [4.244843362967645, 45.430446497101514], [4.24280632016795, 45.43075277149497], [4.241683933971526, 45.43083725071758], [4.240312147299227, 45.429030580539575], [4.238099635210528, 45.42737186870424], [4.231830980494847, 45.424405998159536], [4.229079040258286, 45.42325915769195], [4.226459340450301, 45.42288439056088], [4.225888050026312, 45.42290054445725], [4.224933749100744, 45.423468424299614]]]}, "properties": {"nom": "Caloire", "code_insee": "42031", "population": 314, "departement": "42", "region": "84"}}, {"type": "Feature", "geometry": {"type": "Polygon", "coordinates": [[[4.443582941868926, 45.55372704762112], [4.443544973875396, 45.55251439568961], [4.445384727905114, 45.54898101857569], [4.444676306080044, 45.542352538451745], [4.443239881597701, 45.53620624216975], [4.440040887072724, 45.53416956025314], [4.439769028878286, 45.53391546724221], [4.435654555550246, 45.52689465931309], [4.434958353363545, 45.525390515973115], [4.434768429687289, 45.524338317875696], [4.435345245091563, 45.52350598177564], [4.436178526207398, 45.52268297219283], [4.437065546021746, 45.52250140974135], [4.438034196356806, 45.52215758433112], [4.438487993666105, 45.52187078020486], [4.442449630197314, 45.51921628078317], [4.443467260725424, 45.51844398410946], [4.44500551725467, 45.517150726654435], [4.454390602208846, 45.50663371141801], [4.454508001832794, 45.50642144553084], [4.459658734591867, 45.50298087884988], [4.462380104489596, 45.502485249446316], [4.465655237030139, 45.502155245540024], [4.465766505715647, 45.50360469578522], [4.46574174686392, 45.503879708881], [4.464774282229581, 45.50536665326199], [4.465076787998782, 45.50678298855127], [4.465698248538107, 45.50805376282885], [4.466798090114486, 45.50963710714067], [4.467955865355345, 45.510647788354675], [4.468392262181506, 45.51092307740019], [4.470007329610346, 45.51188272663853], [4.470561204850771, 45.51219159402004], [4.472918709000101, 45.51336933597248], [4.475484345677872, 45.51389134181614], [4.482276522460076, 45.51418736407958], [4.487541583992133, 45.515431763091144], [4.490128357210676, 45.51635033513235], [4.48995501545582, 45.51662192313058], [4.488691100211475, 45.519745854826525], [4.488027253960381, 45.52164957610248], [4.488536655132028, 45.532044202575726], [4.491853078307985, 45.539529490066535], [4.494685221454018, 45.54261344160877], [4.49653461132533, 45.54493857718191], [4.498312942487026, 45.5485660493064], [4.499751478153026, 45.55440999357867], [4.499874322918402, 45.55553955232194], [4.500033489002971, 45.555878768873384], [4.500142884487055, 45.55603672119189], [4.502633233971177, 45.55771916380132], [4.504568970877457, 45.55870648266253], [4.504095904358627, 45.5589433776595], [4.498265736401208, 45.56129355409806], [4.497825669664575, 45.561472341533346], [4.49753449886389, 45.561704982871184], [4.496547598633226, 45.56295289905774], [4.495049935700204, 45.56109410493774], [4.493047566602878, 45.55929513586921], [4.492005877856617, 45.55865150624462], [4.490762503000353, 45.55832576460356], [4.486785518435339, 45.55765343643562], [4.469960093909862, 45.559633689773044], [4.464670658356009, 45.561541828355324], [4.461696478498728, 45.562624374376774], [4.457562228606675, 45.56421002962308], [4.455989663711969, 45.56501665822163], [4.45441168319805, 45.566889676699866], [4.453058102098004, 45.566907182226714], [4.449041008231839, 45.56180926087526], [4.443944754429923, 45.5550192973121], [4.443793778327889, 45.554784373006584], [4.443582941868926, 45.55372704762112]]]}, "properties": {"nom": "Saint-Christo-en-Jarez", "code_insee": "42208", "population": 1896, "departement": "42", "region": "84"}}, {"type": "Feature", "geometry": {"type": "Polygon", "coordinates": [[[4.115165799775973, 45.397374185936556], [4.11401822691718, 45.39694163113904], [4.107951324138492, 45.39377513195166], [4.100823036194716, 45.3896398575493], [4.094780516137294, 45.38659399751489], [4.087597560135483, 45.38538248278253], [4.08706102095168, 45.38552367048277], [4.08425095640836, 45.38566346454191], [4.081515337520189, 45.38483439309998], [4.079568665731356, 45.38422279094512], [4.080025681502667, 45.38340790454265], [4.081074108433377, 45.38317265968755], [4.084034303993647, 45.370804924148715], [4.089155069140793, 45.36982860201072], [4.091986096402296, 45.36897524905896], [4.093844621142697, 45.36752706546447], [4.095730383862673, 45.365131220747294], [4.098608907632338, 45.360099649694554], [4.098898475378042, 45.35956189110556], [4.100731440672916, 45.35904229323743], [4.104985170111604, 45.35705434788768], [4.1064547153599, 45.356058254868444], [4.107740635543338, 45.35514410638901], [4.107952057201858, 45.35472866901258], [4.108488352968489, 45.3551700276204], [4.109166109231801, 45.35649250815796], [4.109215173206627, 45.3576086871411], [4.108753315793916, 45.35923872871407], [4.1102431577016, 45.36374376516201], [4.116242467695993, 45.36821924997605], [4.11934958947276, 45.369112197540986], [4.132043415946088, 45.367337541040115], [4.146590752336445, 45.36553077303343], [4.154117580118022, 45.36459254982376], [4.155017343487609, 45.36596651214709], [4.155744361728573, 45.367140528373355], [4.158158515514113, 45.37270708448385], [4.157817996242535, 45.373596742382354], [4.147197497002144, 45.382571877844185], [4.145521798692124, 45.38367147913637], [4.14391134823363, 45.384218354046055], [4.142356773367616, 45.384127049454854], [4.134159554748784, 45.38466599935334], [4.126392209327517, 45.386056444182096], [4.120741805012313, 45.387429696252525], [4.119854390654812, 45.38778707857415], [4.119487986169736, 45.388250917065285], [4.119215633744279, 45.39002320412806], [4.117828562706837, 45.39025948342131], [4.116005317108733, 45.391880621845196], [4.116230419087976, 45.39309861525142], [4.115337124808841, 45.397121229479815], [4.115165799775973, 45.397374185936556]]]}, "properties": {"nom": "Rozier-Côtes-d'Aurec", "code_insee": "42192", "population": 426, "departement": "42", "region": "84"}}, {"type": "Feature", "geometry": {"type": "Polygon", "coordinates": [[[4.535926393135866, 45.5386375027109], [4.535947395551804, 45.53805359978333], [4.536703684575449, 45.536902144640834], [4.537609643406531, 45.53564956515336], [4.538947411477529, 45.534119069622804], [4.540459374736458, 45.533095932266264], [4.542143232731317, 45.53231178644196], [4.543318350890506, 45.53185163151816], [4.544999061930988, 45.531601566424364], [4.545968317942249, 45.5316188533976], [4.55301147449372, 45.528012792166635], [4.554755742480506, 45.52692680266897], [4.555460821804135, 45.52643609674299], [4.556100870915255, 45.52613992582081], [4.557339334096485, 45.52584536293109], [4.564031978568658, 45.524856227546785], [4.564510527278732, 45.524878383568115], [4.565518211212493, 45.52526242895826], [4.566953814840521, 45.52723284108828], [4.568348004963322, 45.53140680015], [4.567918005483204, 45.53287815732807], [4.567786638599479, 45.533081735981575], [4.560945224441137, 45.538837573333225], [4.553963994676231, 45.540841919592815], [4.551517827201872, 45.54021915562352], [4.549012914775221, 45.54001504831468], [4.547950463798149, 45.54029177908603], [4.547917656641101, 45.54012651249365], [4.547713452274205, 45.53992758135916], [4.546447687532462, 45.53874985623799], [4.545339070330566, 45.538657033277715], [4.545051337373464, 45.538357473698916], [4.539264812764912, 45.5386314416708], [4.538901208864997, 45.53873729467841], [4.537768619771826, 45.53888879956894], [4.535926393135866, 45.5386375027109]]]}, "properties": {"nom": "Chagnon", "code_insee": "42036", "population": 513, "departement": "42", "region": "84"}}, {"type": "Feature", "geometry": {"type": "Polygon", "coordinates": [[[4.561910040197118, 45.449825384885166], [4.561260753362752, 45.44857623454042], [4.560613752518567, 45.446769555429746], [4.557121109563479, 45.442033922765184], [4.551724902482269, 45.43613120964391], [4.551358179656452, 45.435779632852665], [4.550903481991694, 45.435484210243374], [4.547523988380558, 45.433608949278124], [4.546914302638039, 45.433488571103055], [4.548523668177716, 45.432162244138496], [4.554619089327759, 45.42832857032117], [4.557879381956147, 45.42745924045911], [4.559059760373603, 45.42717894844876], [4.560600919801226, 45.42731241751961], [4.565288085402824, 45.43051818753747], [4.570571214925017, 45.4368235234586], [4.570692647051331, 45.43749910192143], [4.571969149595869, 45.43930050420873], [4.572736931249924, 45.439940000374726], [4.57456065280601, 45.44118250966741], [4.580683818072164, 45.44455933831156], [4.581468564578768, 45.44488961878695], [4.583517227124617, 45.44543712404581], [4.58448681044393, 45.44547296631192], [4.592008242362422, 45.44531782478971], [4.602990532709458, 45.44462732120057], [4.610939782825525, 45.44206546833987], [4.618272634177692, 45.44129432232376], [4.621718972973222, 45.441063510617525], [4.622171850605262, 45.441106496787995], [4.623229398729697, 45.441308251935695], [4.62657131666012, 45.44210014004835], [4.627277684236011, 45.44232316191319], [4.627899150595034, 45.44261766256622], [4.628156720770486, 45.442849894315785], [4.628498521181122, 45.44359877707102], [4.628799634828999, 45.44466167664007], [4.631063082281123, 45.44531778228419], [4.631489381890849, 45.445369223844516], [4.632346433783558, 45.445231563102716], [4.63218725774201, 45.44547525447975], [4.631103154448251, 45.44672672048099], [4.630877049917962, 45.4469137414252], [4.627252029656895, 45.44695288167621], [4.624246874850396, 45.445567107069806], [4.623242089915849, 45.44533487509246], [4.61983120305637, 45.445254493887155], [4.613401945033869, 45.44596410581766], [4.605238291548813, 45.4470548384285], [4.602780304973638, 45.44745294937813], [4.601508206743818, 45.447710691588604], [4.600696696437648, 45.44796725106832], [4.600295432157375, 45.448207144534166], [4.599233574947165, 45.448879760247934], [4.590215411066445, 45.45644188760347], [4.589218066023832, 45.457455735629175], [4.587129068459117, 45.46147245954155], [4.586769482729009, 45.46281860496099], [4.58662887859403, 45.46336278125343], [4.586650916842594, 45.46453781048634], [4.585549029535815, 45.46723280422612], [4.578143890591789, 45.468612511156884], [4.57492996422549, 45.467805659855316], [4.571570146571031, 45.46622711056478], [4.567243957632744, 45.457653189251474], [4.563741360768667, 45.45219916799011], [4.561910040197118, 45.449825384885166]]]}, "properties": {"nom": "La Terrasse-sur-Dorlay", "code_insee": "42308", "population": 771, "departement": "42", "region": "84"}}]}